customer_id,gender,age,senior,tenure_months,monthly_charge,total_charge,num_support_calls,contract_type,payment_method,internet_service,churned
C0001,M,48,0,20,70.82,1173.49,0,two_year,credit_card,dsl,0
C0002,F,40,0,16,78.67,1013.07,3,monthly,bank_transfer,fiber,1
C0003,F,51,0,8,105.16,994.9,2,monthly,bank_transfer,no,0
C0004,F,63,0,72,54.58,4303.1,0,monthly,electronic_check,fiber,0
C0005,F,38,0,18,84.22,1426.97,1,monthly,electronic_check,no,0
C0006,M,38,0,5,65.17,299.33,3,yearly,credit_card,fiber,1
C0007,F,64,0,2,75.72,142.34,2,monthly,mailed_check,no,0
C0008,M,52,0,3,106.96,356.13,1,monthly,credit_card,fiber,1
C0009,M,35,0,5,79.78,424.65,3,yearly,electronic_check,dsl,1
C0010,M,49,0,3,76.16,199.71,4,monthly,mailed_check,dsl,0
C0011,F,35,0,4,41.0,142.62,0,yearly,credit_card,no,1
C0012,M,35,0,6,93.66,471.69,1,monthly,electronic_check,no,0
C0013,M,45,0,3,91.14,290.95,1,yearly,credit_card,dsl,0
C0014,F,18,0,45,129.08,6422.85,2,yearly,bank_transfer,no,0
C0015,M,18,0,1,67.31,60.98,2,monthly,bank_transfer,fiber,0
C0016,F,34,0,14,80.48,910.82,0,monthly,bank_transfer,fiber,0
C0017,F,27,0,10,81.23,676.54,2,monthly,mailed_check,fiber,1
C0018,F,46,0,72,114.44,9781.69,0,yearly,electronic_check,fiber,0
C0019,M,29,0,2,72.62,133.36,4,monthly,bank_transfer,fiber,1
C0020,F,22,0,10,81.98,908.08,1,monthly,electronic_check,dsl,0
C0021,F,62,0,69,90.2,6534.15,5,monthly,mailed_check,fiber,0
C0022,F,38,0,40,79.67,3036.31,1,monthly,credit_card,dsl,0
C0023,F,42,0,33,63.84,1858.71,1,monthly,mailed_check,fiber,0
C0024,M,22,0,5,79.85,338.79,0,yearly,credit_card,fiber,0
C0025,F,34,0,3,101.84,319.58,1,monthly,electronic_check,dsl,1
C0026,M,43,0,22,49.34,1204.72,2,monthly,credit_card,dsl,1
C0027,F,25,0,53,78.32,4389.9,0,yearly,credit_card,dsl,0
C0028,M,47,0,16,57.5,931.15,3,yearly,bank_transfer,dsl,0
C0029,F,33,0,16,104.88,1370.62,4,monthly,bank_transfer,fiber,0
C0030,M,37,0,6,36.92,263.03,2,monthly,credit_card,dsl,1
C0031,F,33,0,29,61.03,1981.34,5,monthly,credit_card,fiber,1
C0032,M,67,1,4,84.43,309.73,2,two_year,bank_transfer,fiber,0
C0033,M,41,0,7,114.14,952.37,3,monthly,mailed_check,fiber,1
C0034,M,27,0,11,73.36,839.85,1,two_year,credit_card,fiber,0
C0035,F,53,0,14,61.12,883.89,2,yearly,credit_card,fiber,0
C0036,M,24,0,5,122.03,670.69,0,monthly,bank_transfer,no,1
C0037,M,44,0,2,38.8,87.28,3,monthly,credit_card,no,1
C0038,M,18,0,18,20.03,383.11,1,monthly,electronic_check,fiber,1
C0039,M,23,0,6,86.0,439.24,3,monthly,electronic_check,fiber,0
C0040,F,44,0,17,62.45,992.97,3,monthly,bank_transfer,fiber,1
C0041,M,52,0,3,49.47,173.82,1,yearly,credit_card,fiber,0
C0042,M,44,0,13,92.71,1072.47,3,two_year,electronic_check,no,0
C0043,M,40,0,15,81.1,1154.3,0,yearly,bank_transfer,fiber,0
C0044,F,37,0,1,60.9,59.25,1,yearly,electronic_check,dsl,0
C0045,M,21,0,8,42.99,335.58,0,monthly,bank_transfer,fiber,0
C0046,M,31,0,2,96.81,202.37,2,monthly,electronic_check,no,1
C0047,M,35,0,1,91.26,107.43,1,monthly,bank_transfer,fiber,1
C0048,M,56,0,72,72.52,4679.86,4,yearly,bank_transfer,dsl,0
C0049,F,46,0,7,121.17,719.77,3,two_year,mailed_check,fiber,0
C0050,M,18,0,33,48.25,1399.57,1,yearly,bank_transfer,dsl,1
C0051,M,46,0,5,36.86,212.82,1,monthly,bank_transfer,fiber,0
C0052,F,36,0,22,57.7,1343.44,4,monthly,credit_card,fiber,0
C0053,F,32,0,28,73.86,1890.98,1,yearly,bank_transfer,no,0
C0054,F,50,0,18,81.08,1643.88,1,monthly,bank_transfer,no,0
C0055,M,56,0,12,68.97,947.27,1,yearly,credit_card,no,0
C0056,F,55,0,10,83.8,954.15,3,yearly,credit_card,dsl,1
C0057,M,30,0,8,43.71,408.28,1,yearly,bank_transfer,dsl,0
C0058,F,37,0,53,111.09,5304.27,2,monthly,electronic_check,fiber,0
C0059,M,46,0,35,72.95,2813.72,5,monthly,bank_transfer,fiber,1
C0060,F,55,0,67,102.93,6787.46,1,monthly,credit_card,fiber,0
C0061,M,35,0,2,83.57,190.0,2,monthly,electronic_check,dsl,0
C0062,F,39,0,26,86.42,2452.28,5,monthly,credit_card,fiber,0
C0063,M,26,0,55,89.24,5450.94,1,yearly,bank_transfer,fiber,0
C0064,M,25,0,3,86.19,274.72,4,yearly,credit_card,dsl,0
C0065,M,53,0,1,91.07,79.32,4,monthly,credit_card,dsl,1
C0066,M,60,0,27,108.23,2974.84,1,monthly,credit_card,fiber,1
C0067,M,40,0,17,79.91,1621.83,2,monthly,credit_card,fiber,0
C0068,M,56,0,36,92.73,3922.33,3,monthly,credit_card,fiber,0
C0069,M,47,0,3,72.76,178.39,6,yearly,credit_card,fiber,0
C0070,M,32,0,31,111.0,2979.65,0,monthly,bank_transfer,fiber,1
C0071,F,47,0,4,58.09,198.13,4,monthly,bank_transfer,dsl,0
C0072,M,63,0,3,120.02,392.61,3,monthly,credit_card,dsl,1
C0073,M,41,0,3,74.0,250.22,1,two_year,electronic_check,dsl,0
C0074,F,63,0,33,39.23,1146.24,4,yearly,credit_card,fiber,0
C0075,M,18,0,21,78.2,1646.04,1,monthly,bank_transfer,dsl,1
C0076,F,53,0,14,57.97,922.18,2,monthly,credit_card,fiber,0
C0077,M,43,0,8,96.02,839.69,1,yearly,credit_card,dsl,0
C0078,F,37,0,41,58.68,2446.53,4,two_year,bank_transfer,dsl,0
C0079,F,43,0,9,63.85,595.42,3,monthly,bank_transfer,fiber,1
C0080,M,18,0,33,27.76,919.14,6,two_year,electronic_check,fiber,0
C0081,F,38,0,11,63.69,643.86,1,two_year,bank_transfer,no,1
C0082,M,46,0,9,20.0,184.68,2,two_year,mailed_check,fiber,0
C0083,M,62,0,12,35.4,456.9,1,yearly,credit_card,dsl,0
C0084,M,34,0,7,94.01,756.34,2,yearly,credit_card,fiber,1
C0085,M,30,0,27,94.65,2694.87,3,monthly,credit_card,dsl,1
C0086,F,34,0,13,85.64,1229.6,3,yearly,credit_card,fiber,0
C0087,M,54,0,5,50.83,219.59,0,monthly,bank_transfer,fiber,0
C0088,F,46,0,45,73.81,3270.38,1,yearly,bank_transfer,dsl,0
C0089,F,34,0,9,74.91,541.87,1,monthly,credit_card,fiber,1
C0090,M,49,0,15,46.04,620.62,4,yearly,mailed_check,fiber,0
C0091,M,43,0,47,112.58,5770.57,1,yearly,electronic_check,fiber,0
C0092,M,55,0,19,96.93,2203.97,4,monthly,credit_card,fiber,1
C0093,M,32,0,2,69.48,116.68,0,yearly,credit_card,fiber,0
C0094,F,37,0,56,75.67,4070.55,3,monthly,credit_card,fiber,0
C0095,M,36,0,19,80.21,1706.91,1,yearly,credit_card,no,0
C0096,F,21,0,8,23.96,168.99,2,monthly,credit_card,fiber,0
C0097,M,46,0,2,68.82,140.67,4,monthly,bank_transfer,dsl,1
C0098,M,45,0,31,57.95,1963.93,2,two_year,credit_card,fiber,0
C0099,M,42,0,19,49.96,993.28,1,monthly,credit_card,fiber,0
C0100,M,38,0,15,67.97,892.32,1,yearly,mailed_check,no,1
C0101,F,22,0,44,119.94,4972.08,2,monthly,electronic_check,fiber,1
C0102,F,36,0,31,91.02,3141.92,1,monthly,mailed_check,no,0
C0103,M,37,0,3,60.72,186.11,2,monthly,credit_card,fiber,0
C0104,F,30,0,7,89.31,501.44,1,yearly,credit_card,dsl,0
C0105,F,39,0,5,109.98,607.31,2,monthly,bank_transfer,dsl,0
C0106,M,47,0,27,98.12,2156.81,0,monthly,credit_card,no,1
C0107,M,68,1,1,76.49,84.01,1,monthly,credit_card,dsl,1
C0108,F,44,0,16,58.83,829.26,4,monthly,electronic_check,dsl,0
C0109,F,45,0,28,92.46,3063.24,3,two_year,bank_transfer,fiber,0
C0110,F,40,0,41,84.84,3294.7,2,two_year,bank_transfer,fiber,0
C0111,F,18,0,8,97.38,725.11,2,monthly,bank_transfer,no,0
C0112,M,41,0,34,90.88,2655.96,1,yearly,bank_transfer,fiber,0
C0113,M,42,0,2,101.24,186.74,5,monthly,credit_card,fiber,0
C0114,F,76,1,37,61.62,2623.44,0,yearly,credit_card,dsl,1
C0115,M,39,0,2,107.93,258.72,2,yearly,credit_card,fiber,0
C0116,F,46,0,10,79.94,757.29,3,two_year,credit_card,no,0
C0117,F,41,0,31,126.88,3852.43,1,monthly,mailed_check,dsl,0
C0118,M,25,0,3,57.77,188.7,2,yearly,bank_transfer,dsl,0
C0119,F,57,0,5,118.4,683.45,4,monthly,electronic_check,no,1
C0120,F,52,0,25,79.95,2073.14,3,two_year,credit_card,fiber,0
C0121,M,53,0,25,58.71,1404.06,2,monthly,credit_card,fiber,1
C0122,M,29,0,20,62.9,1214.03,1,yearly,credit_card,dsl,0
C0123,F,61,0,23,66.99,1661.33,3,yearly,credit_card,fiber,1
C0124,F,22,0,15,85.6,1028.85,2,yearly,credit_card,dsl,0
C0125,M,50,0,5,88.07,461.41,1,monthly,electronic_check,no,1
C0126,F,72,1,8,60.66,457.23,0,two_year,electronic_check,fiber,0
C0127,F,28,0,4,74.39,332.58,0,monthly,bank_transfer,fiber,0
C0128,M,34,0,47,128.56,5058.61,2,yearly,bank_transfer,no,0
C0129,M,43,0,17,118.19,2080.12,0,monthly,mailed_check,fiber,1
C0130,M,34,0,10,85.91,852.56,1,monthly,credit_card,dsl,1
C0131,M,20,0,12,75.95,963.29,0,monthly,credit_card,fiber,0
C0132,M,42,0,58,78.0,3736.56,0,monthly,credit_card,no,0
C0133,M,27,0,3,90.34,279.69,2,monthly,electronic_check,dsl,0
C0134,F,48,0,17,49.43,860.98,2,monthly,mailed_check,dsl,1
C0135,F,29,0,14,68.57,983.27,4,monthly,credit_card,dsl,0
C0136,M,63,0,18,33.29,624.02,4,yearly,electronic_check,fiber,1
C0137,M,31,0,1,84.98,90.98,0,two_year,electronic_check,fiber,0
C0138,F,37,0,41,91.18,4194.45,2,monthly,credit_card,dsl,0
C0139,F,53,0,53,62.92,3027.72,1,monthly,credit_card,fiber,0
C0140,F,24,0,16,114.35,2067.48,2,monthly,bank_transfer,dsl,0
C0141,M,45,0,23,44.36,1019.57,1,monthly,mailed_check,no,0
C0142,M,60,0,51,38.39,1626.66,0,yearly,credit_card,dsl,0
C0143,F,19,0,24,80.61,1593.02,4,yearly,electronic_check,dsl,0
C0144,M,44,0,3,101.18,283.41,4,monthly,credit_card,dsl,0
C0145,M,45,0,17,117.1,2217.56,1,monthly,electronic_check,dsl,1
C0146,M,52,0,18,63.53,1238.54,1,monthly,bank_transfer,fiber,1
C0147,F,24,0,11,101.97,1251.16,3,yearly,bank_transfer,fiber,0
C0148,F,23,0,26,74.04,1938.34,6,two_year,electronic_check,fiber,0
C0149,M,49,0,54,70.68,3725.42,1,monthly,electronic_check,dsl,0
C0150,M,46,0,51,97.09,4253.32,1,monthly,electronic_check,dsl,0
C0151,M,45,0,11,91.31,935.38,3,two_year,credit_card,dsl,0
C0152,M,46,0,2,35.59,69.3,3,two_year,electronic_check,fiber,0
C0153,M,32,0,72,111.91,6731.58,1,monthly,credit_card,dsl,0
C0154,F,45,0,36,109.5,3501.46,2,monthly,bank_transfer,fiber,0
C0155,M,46,0,2,59.36,123.38,2,monthly,bank_transfer,dsl,0
C0156,M,31,0,50,84.9,4645.16,1,yearly,bank_transfer,dsl,0
C0157,M,68,1,40,87.35,4190.49,2,monthly,bank_transfer,fiber,0
C0158,F,48,0,14,81.52,1339.0,2,monthly,mailed_check,fiber,1
C0159,F,25,0,17,61.24,1100.45,2,yearly,credit_card,dsl,0
C0160,M,51,0,10,58.21,563.76,2,monthly,electronic_check,dsl,0
C0161,F,28,0,1,74.36,78.41,2,yearly,credit_card,fiber,1
C0162,F,53,0,8,104.32,929.92,1,monthly,credit_card,no,1
C0163,F,58,0,32,88.59,2402.09,1,monthly,credit_card,dsl,0
C0164,F,30,0,1,65.73,63.36,5,yearly,mailed_check,no,1
C0165,F,55,0,8,94.29,856.85,3,monthly,electronic_check,fiber,1
C0166,F,47,0,10,20.0,190.71,3,two_year,mailed_check,dsl,1
C0167,M,53,0,15,103.72,1600.53,1,monthly,mailed_check,no,0
C0168,F,68,1,50,31.51,1630.81,2,monthly,credit_card,dsl,0
C0169,F,38,0,8,65.94,460.94,7,yearly,credit_card,dsl,1
C0170,M,31,0,8,47.01,355.36,2,monthly,electronic_check,fiber,1
C0171,M,29,0,26,42.63,1035.01,2,two_year,bank_transfer,fiber,0
C0172,M,30,0,12,104.02,1011.67,3,monthly,bank_transfer,fiber,1
C0173,M,40,0,5,63.31,256.3,0,monthly,credit_card,fiber,1
C0174,F,46,0,12,83.66,1137.12,2,monthly,bank_transfer,fiber,1
C0175,F,45,0,3,73.83,201.38,2,monthly,bank_transfer,fiber,0
C0176,F,53,0,3,86.93,262.68,2,yearly,credit_card,no,0
C0177,F,42,0,13,76.92,919.45,1,yearly,bank_transfer,fiber,0
C0178,M,62,0,10,42.93,504.97,2,monthly,bank_transfer,dsl,0
C0179,F,38,0,49,99.91,4424.24,1,monthly,bank_transfer,dsl,0
C0180,F,80,1,9,62.66,548.07,2,yearly,credit_card,dsl,0
C0181,M,50,0,17,36.09,705.0,2,two_year,electronic_check,fiber,0
C0182,F,29,0,20,64.3,1461.89,5,monthly,credit_card,dsl,0
C0183,F,27,0,1,112.52,98.39,2,monthly,credit_card,dsl,1
C0184,F,48,0,21,96.26,2266.17,2,monthly,electronic_check,dsl,1
C0185,F,38,0,3,66.28,195.51,1,two_year,bank_transfer,dsl,0
C0186,M,51,0,64,66.27,4212.39,1,monthly,credit_card,no,0
C0187,M,48,0,3,66.96,171.43,0,monthly,electronic_check,dsl,0
C0188,M,40,0,10,126.92,1056.28,0,yearly,bank_transfer,fiber,0
C0189,M,30,0,1,84.55,92.26,2,monthly,electronic_check,dsl,0
C0190,M,20,0,72,85.75,6165.26,4,monthly,electronic_check,fiber,0
C0191,F,35,0,13,100.76,1276.79,2,monthly,bank_transfer,no,0
C0192,F,53,0,18,80.97,1591.26,5,monthly,bank_transfer,fiber,0
C0193,M,44,0,1,68.52,75.8,1,monthly,credit_card,fiber,0
C0194,M,24,0,27,70.09,1634.23,1,monthly,credit_card,dsl,0
C0195,M,44,0,4,73.21,305.75,2,monthly,bank_transfer,dsl,0
C0196,F,47,0,45,74.07,2846.98,0,yearly,bank_transfer,fiber,0
C0197,M,29,0,4,93.19,410.24,0,yearly,bank_transfer,dsl,0
C0198,F,44,0,4,76.3,324.36,4,yearly,credit_card,no,1
C0199,F,42,0,1,93.32,110.36,3,monthly,credit_card,fiber,0
C0200,F,25,0,12,72.98,724.76,1,monthly,bank_transfer,no,0
C0201,F,47,0,16,76.97,1013.32,2,monthly,credit_card,fiber,1
C0202,M,49,0,1,25.04,22.86,0,monthly,electronic_check,dsl,0
C0203,F,57,0,29,97.91,2568.75,0,monthly,credit_card,dsl,0
C0204,F,56,0,12,83.66,902.31,1,yearly,bank_transfer,fiber,0
C0205,M,22,0,14,99.95,1626.69,2,monthly,mailed_check,fiber,1
C0206,F,28,0,11,20.0,197.96,2,monthly,credit_card,fiber,0
C0207,F,49,0,10,127.21,1156.06,1,monthly,bank_transfer,dsl,0
C0208,F,49,0,16,71.51,1262.88,0,yearly,credit_card,dsl,0
C0209,M,49,0,3,102.7,301.91,3,monthly,bank_transfer,dsl,1
C0210,F,80,1,4,49.0,217.69,3,yearly,bank_transfer,fiber,0
C0211,F,49,0,39,90.32,2910.08,3,monthly,bank_transfer,fiber,0
C0212,M,57,0,58,48.66,2808.25,5,two_year,bank_transfer,fiber,0
C0213,M,55,0,9,59.41,434.94,2,two_year,electronic_check,fiber,1
C0214,F,51,0,6,122.85,608.15,2,monthly,credit_card,dsl,1
C0215,F,37,0,20,70.23,1632.95,3,monthly,credit_card,no,0
C0216,M,52,0,10,80.44,688.32,2,monthly,electronic_check,dsl,0
C0217,F,31,0,1,96.75,98.0,2,monthly,bank_transfer,fiber,0
C0218,M,38,0,3,87.39,252.85,2,yearly,electronic_check,no,1
C0219,F,35,0,25,78.76,1848.77,6,yearly,bank_transfer,dsl,0
C0220,M,43,0,21,84.12,2049.05,4,yearly,electronic_check,no,1
C0221,F,74,1,1,135.09,109.25,1,yearly,bank_transfer,dsl,0
C0222,M,18,0,5,73.56,391.9,6,monthly,electronic_check,fiber,1
C0223,M,51,0,5,80.03,474.32,1,monthly,mailed_check,fiber,1
C0224,M,19,0,22,101.27,2281.56,3,yearly,bank_transfer,dsl,0
C0225,M,35,0,1,102.64,120.57,1,monthly,credit_card,fiber,1
C0226,M,57,0,2,104.68,171.86,3,yearly,credit_card,fiber,0
C0227,F,42,0,32,90.97,2816.48,4,monthly,credit_card,dsl,1
C0228,F,26,0,3,46.42,125.9,3,monthly,credit_card,dsl,1
C0229,M,31,0,21,115.84,2657.24,3,two_year,credit_card,dsl,0
C0230,F,51,0,5,46.34,276.31,2,monthly,bank_transfer,fiber,1
C0231,F,31,0,2,82.57,149.06,4,two_year,bank_transfer,fiber,0
C0232,F,45,0,5,56.14,298.01,4,two_year,bank_transfer,dsl,0
C0233,F,42,0,25,73.4,1613.4,1,yearly,bank_transfer,no,0
C0234,F,32,0,38,83.22,3245.0,2,yearly,credit_card,dsl,0
C0235,F,72,1,35,83.03,2864.12,2,yearly,credit_card,no,0
C0236,M,50,0,10,85.55,1017.02,2,two_year,credit_card,dsl,0
C0237,F,18,0,22,115.34,2647.63,2,monthly,bank_transfer,dsl,0
C0238,F,44,0,4,86.34,324.57,2,monthly,credit_card,fiber,0
C0239,F,32,0,6,68.9,349.59,4,yearly,credit_card,dsl,0
C0240,M,53,0,45,99.1,3837.39,1,monthly,bank_transfer,dsl,0
C0241,F,30,0,1,104.74,93.23,1,monthly,electronic_check,dsl,0
C0242,F,40,0,1,44.31,39.9,1,monthly,credit_card,dsl,1
C0243,F,49,0,4,89.94,410.22,2,yearly,bank_transfer,dsl,0
C0244,M,54,0,1,92.53,94.8,1,two_year,electronic_check,fiber,0
C0245,F,25,0,4,67.56,272.77,1,monthly,electronic_check,dsl,1
C0246,M,37,0,17,109.39,1573.08,3,two_year,mailed_check,fiber,0
C0247,F,35,0,10,71.25,815.14,2,yearly,credit_card,dsl,1
C0248,M,32,0,44,78.14,3744.59,1,yearly,credit_card,fiber,0
C0249,M,66,1,34,70.67,1987.26,1,yearly,electronic_check,fiber,0
C0250,M,47,0,8,75.39,653.26,3,yearly,bank_transfer,fiber,0
C0251,F,24,0,6,47.59,290.51,0,monthly,bank_transfer,dsl,1
C0252,M,54,0,9,39.0,292.27,2,yearly,electronic_check,fiber,0
C0253,M,71,1,17,114.86,1920.05,3,monthly,electronic_check,fiber,0
C0254,M,56,0,6,53.83,321.0,0,two_year,mailed_check,dsl,0
C0255,M,20,0,19,50.22,826.62,3,two_year,mailed_check,fiber,0
C0256,F,35,0,10,21.17,249.44,2,monthly,electronic_check,no,1
C0257,F,59,0,16,59.03,1076.7,3,monthly,credit_card,no,0
C0258,F,32,0,11,41.92,492.3,2,yearly,electronic_check,dsl,0
C0259,F,48,0,6,116.05,685.8,2,monthly,credit_card,fiber,1
C0260,M,52,0,59,100.25,5706.0,3,two_year,credit_card,dsl,0
C0261,F,29,0,28,57.8,1716.13,2,monthly,electronic_check,fiber,1
C0262,M,41,0,3,131.31,401.09,3,monthly,credit_card,dsl,1
C0263,F,18,0,40,99.54,3284.46,2,two_year,credit_card,fiber,0
C0264,F,27,0,13,66.88,873.79,0,yearly,credit_card,no,0
C0265,F,38,0,44,20.0,987.85,1,yearly,electronic_check,fiber,0
C0266,M,24,0,32,132.27,4163.63,3,monthly,bank_transfer,dsl,0
C0267,F,64,0,11,40.26,363.49,2,yearly,electronic_check,dsl,0
C0268,F,21,0,1,33.87,37.75,3,yearly,credit_card,dsl,0
C0269,F,35,0,6,100.56,531.29,1,yearly,electronic_check,fiber,0
C0270,M,43,0,15,135.99,1842.9,2,yearly,electronic_check,no,1
C0271,F,62,0,20,109.61,1898.19,0,yearly,credit_card,dsl,0
C0272,F,21,0,5,89.1,415.24,1,monthly,bank_transfer,dsl,0
C0273,M,58,0,3,89.87,297.3,1,monthly,credit_card,fiber,1
C0274,M,42,0,36,96.34,3495.13,0,yearly,mailed_check,dsl,0
C0275,F,28,0,72,93.97,5967.15,4,monthly,bank_transfer,fiber,0
C0276,F,48,0,14,82.03,1321.98,6,yearly,mailed_check,fiber,0
C0277,F,44,0,3,77.61,268.18,4,monthly,credit_card,fiber,1
C0278,M,33,0,6,73.44,505.96,3,yearly,electronic_check,dsl,0
C0279,M,42,0,1,56.15,50.28,1,yearly,electronic_check,fiber,0
C0280,M,36,0,49,67.98,3266.05,4,monthly,electronic_check,fiber,0
C0281,F,43,0,2,32.68,78.04,2,monthly,mailed_check,dsl,1
C0282,M,51,0,17,72.54,1367.36,3,monthly,credit_card,dsl,0
C0283,F,64,0,6,50.29,244.67,2,yearly,credit_card,fiber,0
C0284,M,24,0,16,47.41,626.63,0,yearly,electronic_check,dsl,0
C0285,M,71,1,21,79.5,1645.41,2,monthly,electronic_check,fiber,0
C0286,M,18,0,35,109.8,4472.05,2,yearly,bank_transfer,fiber,0
C0287,F,39,0,4,97.96,397.91,3,monthly,credit_card,fiber,1
C0288,F,50,0,1,35.74,35.71,1,monthly,bank_transfer,dsl,1
C0289,F,45,0,2,50.26,84.66,0,two_year,credit_card,fiber,1
C0290,F,33,0,46,98.52,4816.13,1,monthly,bank_transfer,fiber,0
C0291,M,39,0,41,50.44,2334.49,3,monthly,bank_transfer,fiber,0
C0292,F,35,0,18,69.38,1189.11,1,monthly,electronic_check,dsl,1
C0293,M,33,0,18,88.75,1773.62,1,monthly,credit_card,fiber,0
C0294,F,53,0,21,50.79,1264.75,2,monthly,bank_transfer,fiber,1
C0295,F,46,0,3,77.63,205.29,5,monthly,credit_card,fiber,1
C0296,M,32,0,49,41.65,2059.89,4,yearly,credit_card,fiber,0
C0297,M,54,0,10,59.97,548.64,2,monthly,electronic_check,dsl,0
C0298,F,46,0,9,82.99,834.4,2,monthly,mailed_check,dsl,0
C0299,F,53,0,14,35.18,507.81,5,monthly,credit_card,fiber,0
C0300,M,50,0,1,86.01,90.64,1,monthly,electronic_check,fiber,1
C0301,M,30,0,3,74.51,250.17,2,yearly,electronic_check,fiber,0
C0302,M,34,0,26,88.81,2212.98,1,two_year,electronic_check,fiber,0
C0303,M,52,0,1,80.6,93.98,3,monthly,credit_card,fiber,1
C0304,M,50,0,18,109.1,1989.74,0,two_year,mailed_check,dsl,1
C0305,F,41,0,5,78.13,337.2,0,yearly,credit_card,no,0
C0306,F,43,0,9,64.26,623.66,2,yearly,credit_card,no,0
C0307,F,59,0,6,78.06,523.3,1,monthly,credit_card,no,0
C0308,F,33,0,8,88.58,656.7,1,monthly,bank_transfer,dsl,1
C0309,M,49,0,25,76.22,2177.74,2,monthly,credit_card,dsl,0
C0310,M,39,0,7,76.01,618.51,1,yearly,credit_card,fiber,0
C0311,M,38,0,16,57.45,837.17,2,monthly,credit_card,dsl,1
C0312,F,57,0,12,58.43,836.77,2,two_year,electronic_check,dsl,0
C0313,M,53,0,21,39.93,718.02,3,monthly,electronic_check,dsl,1
C0314,M,53,0,55,118.74,5752.28,3,monthly,credit_card,dsl,0
C0315,F,60,0,26,43.9,997.23,1,yearly,electronic_check,fiber,0
C0316,F,42,0,4,57.68,267.08,1,monthly,electronic_check,fiber,1
C0317,F,51,0,1,57.04,60.56,1,monthly,electronic_check,no,1
C0318,M,37,0,6,97.37,502.92,2,yearly,credit_card,fiber,0
C0319,M,46,0,18,67.63,1188.28,2,two_year,electronic_check,dsl,0
C0320,F,40,0,1,106.19,111.09,1,yearly,mailed_check,no,0
C0321,F,43,0,13,58.16,630.11,1,yearly,electronic_check,dsl,0
C0322,M,50,0,18,81.97,1701.16,3,yearly,credit_card,dsl,0
C0323,F,30,0,8,54.12,485.54,1,two_year,bank_transfer,fiber,0
C0324,M,71,1,29,128.63,3738.04,5,monthly,bank_transfer,fiber,1
C0325,F,27,0,2,45.31,107.55,2,monthly,bank_transfer,no,1
C0326,F,25,0,1,82.75,80.03,3,monthly,credit_card,dsl,1
C0327,F,58,0,26,90.84,2819.2,0,monthly,credit_card,dsl,0
C0328,M,53,0,13,85.34,1183.94,3,yearly,electronic_check,fiber,1
C0329,M,50,0,23,70.37,1705.7,0,yearly,electronic_check,fiber,0
C0330,F,50,0,11,71.75,683.79,4,yearly,credit_card,no,0
C0331,M,41,0,5,76.1,438.63,1,monthly,mailed_check,fiber,1
C0332,F,29,0,34,71.32,2354.55,2,yearly,credit_card,dsl,0
C0333,F,43,0,32,99.1,2742.75,3,monthly,electronic_check,fiber,0
C0334,M,32,0,23,130.26,2411.89,1,yearly,electronic_check,dsl,0
C0335,M,55,0,6,61.06,375.12,0,yearly,electronic_check,no,0
C0336,M,39,0,17,40.75,700.34,2,monthly,mailed_check,dsl,0
C0337,M,30,0,8,72.79,633.41,2,monthly,credit_card,fiber,0
C0338,F,37,0,1,139.49,161.26,2,monthly,electronic_check,dsl,1
C0339,M,47,0,49,54.91,2237.93,0,yearly,credit_card,dsl,0
C0340,M,34,0,2,115.98,253.44,3,two_year,electronic_check,fiber,0
C0341,F,30,0,60,116.94,6139.1,5,yearly,electronic_check,no,0
C0342,F,45,0,11,61.16,769.15,1,monthly,electronic_check,dsl,0
C0343,F,45,0,4,89.22,402.43,2,monthly,credit_card,no,1
C0344,F,34,0,15,115.71,1763.97,2,yearly,electronic_check,dsl,0
C0345,M,35,0,41,65.52,2912.23,6,yearly,credit_card,fiber,0
C0346,M,45,0,26,69.91,1682.68,1,monthly,credit_card,fiber,0
C0347,F,21,0,32,60.46,1912.41,2,monthly,electronic_check,fiber,0
C0348,F,22,0,21,49.63,1176.32,1,yearly,bank_transfer,no,0
C0349,M,31,0,23,58.77,1329.69,1,monthly,electronic_check,dsl,1
C0350,M,39,0,37,44.4,1549.36,2,monthly,credit_card,dsl,1
C0351,M,46,0,5,75.85,378.37,0,monthly,credit_card,fiber,0
C0352,M,62,0,13,55.75,819.91,4,monthly,electronic_check,fiber,1
C0353,M,54,0,5,80.84,377.56,2,two_year,bank_transfer,dsl,0
C0354,F,39,0,72,36.1,2260.02,3,two_year,credit_card,dsl,0
C0355,F,41,0,57,83.27,5148.91,1,yearly,electronic_check,fiber,0
C0356,F,27,0,1,95.84,108.34,1,monthly,bank_transfer,dsl,1
C0357,F,41,0,24,25.16,507.38,3,monthly,bank_transfer,fiber,0
C0358,M,37,0,51,84.35,3854.24,2,monthly,bank_transfer,fiber,0
C0359,F,46,0,3,105.69,271.66,2,monthly,electronic_check,dsl,1
C0360,M,30,0,16,44.76,672.6,0,yearly,electronic_check,fiber,0
C0361,M,49,0,49,116.81,5610.02,1,monthly,electronic_check,no,1
C0362,M,63,0,1,85.48,93.99,2,monthly,credit_card,fiber,0
C0363,M,40,0,23,57.37,1399.29,0,monthly,electronic_check,fiber,0
C0364,M,47,0,7,73.61,540.19,4,monthly,electronic_check,fiber,1
C0365,M,51,0,51,88.96,4269.05,5,monthly,electronic_check,dsl,0
C0366,M,36,0,70,76.9,6118.2,0,monthly,credit_card,fiber,0
C0367,F,45,0,57,88.47,4984.87,0,two_year,electronic_check,dsl,0
C0368,M,42,0,12,51.98,743.3,6,monthly,electronic_check,fiber,1
C0369,F,43,0,39,79.23,3255.77,0,monthly,credit_card,fiber,0
C0370,F,31,0,37,39.66,1248.05,1,two_year,bank_transfer,fiber,0
C0371,M,42,0,7,72.22,541.17,0,two_year,electronic_check,dsl,0
C0372,M,48,0,35,52.4,1705.7,3,yearly,credit_card,no,0
C0373,F,62,0,1,56.61,60.83,2,yearly,mailed_check,fiber,0
C0374,F,55,0,18,105.9,1578.06,3,monthly,electronic_check,dsl,0
C0375,F,72,1,5,102.28,444.89,5,monthly,bank_transfer,no,0
C0376,F,31,0,2,90.23,206.14,5,monthly,credit_card,fiber,1
C0377,M,54,0,1,47.69,42.49,2,yearly,credit_card,dsl,1
C0378,M,44,0,23,67.09,1751.1,3,yearly,mailed_check,fiber,0
C0379,M,72,1,8,105.33,768.24,6,monthly,credit_card,no,0
C0380,F,30,0,25,78.54,2075.72,3,monthly,electronic_check,dsl,1
C0381,M,30,0,1,132.98,143.31,2,yearly,credit_card,no,0
C0382,F,33,0,7,84.83,596.82,3,monthly,credit_card,dsl,0
C0383,M,18,0,15,79.8,1103.78,1,yearly,credit_card,fiber,0
C0384,F,34,0,31,67.27,1845.67,1,yearly,bank_transfer,no,0
C0385,M,31,0,7,78.34,445.98,4,yearly,mailed_check,fiber,1
C0386,M,44,0,19,71.19,1246.54,0,yearly,credit_card,fiber,0
C0387,F,46,0,43,92.7,4230.31,6,two_year,credit_card,dsl,0
C0388,F,68,1,19,98.92,2208.99,2,monthly,credit_card,dsl,1
C0389,F,55,0,5,55.35,317.84,3,yearly,bank_transfer,no,0
C0390,F,33,0,1,41.72,46.16,2,yearly,bank_transfer,fiber,0
C0391,F,29,0,40,29.09,1297.85,0,monthly,electronic_check,dsl,0
C0392,M,48,0,1,87.7,93.49,1,monthly,bank_transfer,dsl,1
C0393,F,23,0,41,47.42,1757.8,4,monthly,bank_transfer,fiber,1
C0394,M,67,1,15,21.18,369.45,3,monthly,credit_card,fiber,0
C0395,M,58,0,55,84.71,4977.23,3,yearly,mailed_check,fiber,0
C0396,M,35,0,32,137.32,4500.48,5,yearly,credit_card,fiber,1
C0397,M,18,0,72,74.85,4550.62,1,monthly,credit_card,no,0
C0398,M,60,0,8,95.96,751.42,4,monthly,electronic_check,dsl,0
C0399,F,40,0,29,77.05,2199.02,1,two_year,bank_transfer,dsl,0
C0400,F,59,0,10,72.53,831.07,1,monthly,bank_transfer,no,1
C0401,M,19,0,13,97.98,1297.51,1,monthly,bank_transfer,fiber,0
C0402,M,33,0,19,67.74,1225.49,0,yearly,electronic_check,dsl,0
C0403,F,42,0,41,81.68,3987.58,1,monthly,credit_card,fiber,0
C0404,F,42,0,72,83.04,5047.9,4,monthly,electronic_check,no,0
C0405,M,35,0,29,58.3,1638.32,2,monthly,bank_transfer,fiber,0
C0406,F,50,0,10,99.8,815.18,1,monthly,bank_transfer,no,1
C0407,F,27,0,10,70.63,774.08,1,yearly,bank_transfer,fiber,0
C0408,F,40,0,26,56.11,1702.83,1,monthly,credit_card,fiber,0
C0409,M,43,0,5,88.41,403.16,2,monthly,electronic_check,dsl,0
C0410,F,49,0,2,52.54,120.14,2,yearly,bank_transfer,fiber,0
C0411,M,51,0,8,75.7,555.27,0,yearly,credit_card,dsl,0
C0412,M,26,0,6,74.77,522.33,2,monthly,bank_transfer,fiber,0
C0413,M,20,0,7,102.15,787.69,1,monthly,mailed_check,dsl,1
C0414,M,59,0,5,86.87,487.32,2,yearly,bank_transfer,fiber,0
C0415,M,46,0,1,74.37,60.03,2,monthly,mailed_check,fiber,0
C0416,F,31,0,1,95.44,113.11,0,monthly,credit_card,fiber,0
C0417,M,63,0,72,109.76,8619.25,2,yearly,credit_card,dsl,0
C0418,M,43,0,11,88.95,902.03,0,two_year,credit_card,fiber,0
C0419,M,58,0,9,75.26,766.58,3,yearly,bank_transfer,fiber,0
C0420,F,42,0,22,42.2,847.27,4,yearly,credit_card,fiber,0
C0421,F,70,1,4,48.37,222.33,4,yearly,credit_card,fiber,0
C0422,F,66,1,59,67.37,3358.86,3,monthly,mailed_check,dsl,1
C0423,F,38,0,30,59.76,1938.87,3,yearly,electronic_check,no,1
C0424,F,55,0,1,70.33,71.47,2,monthly,electronic_check,fiber,1
C0425,F,51,0,10,76.42,640.87,0,monthly,credit_card,dsl,0
C0426,F,61,0,42,88.24,3323.46,2,yearly,credit_card,dsl,0
C0427,M,28,0,57,73.24,3360.46,3,yearly,credit_card,fiber,1
C0428,M,51,0,12,87.16,1032.85,1,monthly,electronic_check,dsl,0
C0429,F,56,0,19,76.61,1339.88,2,two_year,mailed_check,fiber,1
C0430,M,18,0,3,25.61,79.85,1,monthly,bank_transfer,dsl,1
C0431,M,25,0,72,51.52,3408.59,1,monthly,credit_card,fiber,1
C0432,F,18,0,5,71.4,328.43,2,monthly,bank_transfer,dsl,1
C0433,M,38,0,57,44.76,2799.51,3,yearly,credit_card,dsl,0
C0434,M,52,0,20,90.0,1474.66,2,yearly,credit_card,fiber,0
C0435,F,63,0,18,113.27,2367.44,0,monthly,bank_transfer,fiber,0
C0436,M,43,0,14,105.47,1684.64,3,yearly,electronic_check,no,1
C0437,F,64,0,5,69.66,371.68,2,monthly,credit_card,fiber,1
C0438,F,22,0,3,112.27,349.37,2,yearly,credit_card,dsl,0
C0439,M,18,0,4,78.72,364.29,0,monthly,mailed_check,no,0
C0440,M,41,0,4,66.57,232.76,4,monthly,credit_card,dsl,1
C0441,M,47,0,30,59.66,1488.38,2,two_year,credit_card,dsl,0
C0442,F,41,0,8,67.44,483.3,2,monthly,credit_card,dsl,1
C0443,F,18,0,1,65.3,72.99,1,monthly,credit_card,no,0
C0444,F,40,0,69,79.26,4451.0,2,yearly,credit_card,dsl,0
C0445,M,23,0,43,79.01,3509.96,2,two_year,electronic_check,dsl,0
C0446,M,51,0,52,75.08,4677.87,2,monthly,credit_card,fiber,0
C0447,F,47,0,72,85.92,7066.41,4,monthly,bank_transfer,no,0
C0448,M,28,0,3,104.77,317.01,0,monthly,electronic_check,dsl,0
C0449,M,34,0,10,98.74,815.06,1,monthly,bank_transfer,fiber,0
C0450,F,27,0,28,37.88,1201.23,4,monthly,electronic_check,no,1
C0451,F,41,0,23,20.0,478.21,0,yearly,electronic_check,dsl,0
C0452,M,55,0,3,98.36,249.63,0,two_year,credit_card,fiber,0
C0453,F,28,0,33,40.83,1128.5,3,monthly,electronic_check,dsl,1
C0454,M,49,0,5,69.38,403.74,0,monthly,bank_transfer,fiber,0
C0455,F,34,0,5,45.75,244.23,1,monthly,mailed_check,no,1
C0456,F,30,0,15,29.95,508.42,0,monthly,bank_transfer,fiber,0
C0457,F,40,0,17,88.54,1733.35,1,two_year,mailed_check,dsl,0
C0458,M,27,0,17,93.98,1643.53,2,monthly,electronic_check,dsl,0
C0459,M,34,0,1,60.59,61.01,2,monthly,credit_card,fiber,1
C0460,F,25,0,41,20.0,797.18,1,yearly,bank_transfer,no,0
C0461,F,69,1,6,61.34,341.09,2,monthly,mailed_check,dsl,0
C0462,F,42,0,2,84.8,165.16,3,yearly,electronic_check,fiber,1
C0463,M,32,0,43,38.03,1814.44,0,monthly,credit_card,dsl,0
C0464,F,44,0,62,79.58,5135.11,3,yearly,electronic_check,no,0
C0465,F,40,0,39,74.62,3367.11,1,two_year,credit_card,fiber,0
C0466,F,38,0,33,89.48,2885.96,4,yearly,credit_card,fiber,0
C0467,F,50,0,21,77.99,1707.95,5,two_year,bank_transfer,fiber,0
C0468,M,52,0,16,50.67,853.3,1,monthly,credit_card,fiber,0
C0469,M,34,0,1,104.91,108.76,1,monthly,electronic_check,dsl,1
C0470,F,33,0,10,71.04,767.98,4,yearly,credit_card,dsl,1
C0471,M,38,0,9,74.32,598.63,1,yearly,electronic_check,fiber,1
C0472,M,18,0,6,51.67,311.55,1,monthly,credit_card,fiber,0
C0473,M,20,0,25,63.92,1345.02,3,monthly,credit_card,fiber,1
C0474,F,61,0,13,52.88,655.68,2,monthly,credit_card,no,0
C0475,M,65,0,1,70.68,70.33,0,monthly,credit_card,fiber,1
C0476,M,38,0,4,117.79,499.85,1,monthly,credit_card,no,0
C0477,M,50,0,22,40.7,1056.76,2,yearly,credit_card,dsl,0
C0478,F,46,0,1,34.66,36.06,1,monthly,bank_transfer,fiber,0
C0479,F,80,1,38,111.78,4661.52,4,monthly,credit_card,no,1
C0480,M,57,0,13,69.77,909.28,3,yearly,bank_transfer,dsl,0
C0481,M,40,0,13,58.27,798.14,0,yearly,credit_card,dsl,0
C0482,F,28,0,17,101.0,1422.32,2,two_year,electronic_check,no,0
C0483,F,19,0,34,59.86,1835.29,4,yearly,mailed_check,fiber,0
C0484,M,44,0,8,120.65,911.86,2,monthly,bank_transfer,fiber,1
C0485,M,31,0,22,91.95,2000.64,1,yearly,credit_card,dsl,0
C0486,F,22,0,16,62.8,822.19,2,monthly,credit_card,fiber,0
C0487,F,32,0,6,128.93,662.19,2,monthly,mailed_check,fiber,1
C0488,M,26,0,42,59.86,2289.67,2,yearly,credit_card,fiber,0
C0489,F,65,0,31,93.55,3447.04,1,two_year,credit_card,fiber,0
C0490,M,54,0,21,82.48,1615.23,0,monthly,credit_card,dsl,0
C0491,M,41,0,38,107.54,4057.16,3,monthly,credit_card,fiber,0
C0492,M,62,0,40,114.04,4007.09,6,monthly,credit_card,dsl,1
C0493,F,43,0,24,75.8,1899.81,1,monthly,electronic_check,dsl,0
C0494,M,29,0,36,56.16,1844.4,2,monthly,credit_card,fiber,0
C0495,M,63,0,23,86.5,1756.32,2,yearly,bank_transfer,fiber,0
C0496,F,49,0,22,58.06,1285.79,2,monthly,credit_card,dsl,0
C0497,F,27,0,19,125.33,1910.26,2,two_year,credit_card,fiber,0
C0498,M,39,0,27,78.41,1700.15,2,yearly,mailed_check,dsl,0
C0499,M,29,0,3,65.87,175.4,1,yearly,credit_card,no,0
C0500,F,22,0,42,79.62,2724.35,4,yearly,electronic_check,fiber,0
