customer_id,first_name,last_name,email,country,city,signup_date
C0001,Harper,Kim,harper.kim@example.us,US,NYC,2023-05-17
C0002,Harper,Yılmaz,harper.yilmaz@example.fr,FR,Paris,2025-01-21
C0003,Alex,Smith,alex.smith@example.us,US,Austin,2022-07-11
C0004,Cameron,Davis,cameron.davis@example.fr,FR,Paris,2022-02-24
C0005,Taylor,Kaya,taylor.kaya@example.fr,FR,Lyon,2023-07-24
C0006,Ömer,Brown,ömer.brown@example.tr,TR,Ankara,2023-11-28
C0007,Taylor,Öz,taylor.oz@example.gb,GB,London,2023-11-21
C0008,Riley,Yılmaz,riley.yilmaz@example.us,US,NYC,2024-01-06
C0009,Quinn,Smith,quinn.smith@example.nl,NL,Rotterdam,2024-07-29
C0010,Sam,Şahin,sam.sahin@example.us,US,Austin,2023-08-24
C0011,Harper,Yılmaz,harper.yilmaz@example.nl,NL,Amsterdam,2022-04-04
C0012,Sam,Aydın,sam.aydin@example.fr,FR,Lyon,2023-04-22
C0013,Morgan,Kaya,morgan.kaya@example.us,US,Austin,2024-01-18
C0014,Casey,Lee,casey.lee@example.de,DE,Munich,2023-07-01
C0015,Cameron,Wilson,cameron.wilson@example.us,US,LA,2023-05-17
C0016,Riley,Kim,riley.kim@example.de,DE,Munich,2025-02-14
C0017,Blake,Öz,blake.oz@example.fr,FR,Lyon,2022-04-25
C0018,Quinn,García,quinn.garcía@example.fr,FR,Paris,2024-04-01
C0019,Taylor,Davis,taylor.davis@example.gb,GB,London,2023-10-07
C0020,Riley,Çelik,riley.celik@example.fr,FR,Lyon,2024-07-28
C0021,Jordan,Lee,jordan.lee@example.de,DE,Munich,2025-02-23
C0022,Jamie,Brown,jamie.brown@example.gb,GB,Manchester,2024-01-12
C0023,Cameron,Kaya,cameron.kaya@example.fr,FR,Paris,2022-07-06
C0024,Mehmet,Çelik,mehmet.celik@example.tr,TR,Istanbul,2022-11-24
C0025,Riley,Brown,riley.brown@example.jp,JP,Tokyo,2024-08-16
C0026,Dakota,Wilson,dakota.wilson@example.gb,GB,London,2022-08-23
C0027,Sam,Kim,sam.kim@example.gb,GB,Manchester,2024-06-09
C0028,Alex,Wilson,alex.wilson@example.de,DE,Munich,2023-06-24
C0029,Sam,Aydın,sam.aydin@example.de,DE,Hamburg,2023-09-04
C0030,Casey,Öz,casey.oz@example.fr,FR,Paris,2022-11-27
C0031,Elif,Smith,elif.smith@example.tr,TR,Izmir,2022-08-18
C0032,Taylor,Smith,taylor.smith@example.nl,NL,Rotterdam,2023-05-09
C0033,Harper,Kaya,harper.kaya@example.us,US,NYC,2022-05-22
C0034,Dakota,Kaya,dakota.kaya@example.de,DE,Berlin,2025-01-30
C0035,Cameron,Aydın,cameron.aydin@example.de,DE,Munich,2024-05-16
C0036,Harper,Kim,harper.kim@example.fr,FR,Paris,2024-03-28
C0037,Cameron,Kaya,cameron.kaya@example.nl,NL,Rotterdam,2022-09-05
C0038,Sam,García,sam.garcía@example.fr,FR,Paris,2022-02-13
C0039,Alex,Yılmaz,alex.yilmaz@example.fr,FR,Paris,2022-05-01
C0040,Alex,Aydın,alex.aydin@example.fr,FR,Paris,2023-11-08
C0041,Morgan,Çelik,morgan.celik@example.us,US,LA,2024-09-21
C0042,Harper,Davis,harper.davis@example.fr,FR,Paris,2025-03-26
C0043,Quinn,Kaya,quinn.kaya@example.br,BR,São Paulo,2024-04-13
C0044,Sam,Çelik,sam.celik@example.fr,FR,Paris,2024-06-01
C0045,Riley,Kaya,riley.kaya@example.nl,NL,Rotterdam,2022-04-21
C0046,Riley,Wilson,riley.wilson@example.us,US,NYC,2023-11-26
C0047,Taylor,Lee,taylor.lee@example.us,US,LA,2025-01-03
C0048,Riley,Demir,riley.demir@example.br,BR,São Paulo,2023-07-25
C0049,Blake,Yılmaz,blake.yilmaz@example.br,BR,São Paulo,2024-06-26
C0050,Dakota,Şahin,dakota.sahin@example.us,US,NYC,2022-01-31
C0051,Jordan,Brown,jordan.brown@example.us,US,LA,2024-09-21
C0052,Blake,Brown,blake.brown@example.br,BR,São Paulo,2022-05-01
C0053,Alex,Brown,alex.brown@example.de,DE,Munich,2023-06-28
C0054,Riley,Wilson,riley.wilson@example.br,BR,Rio,2025-02-12
C0055,Taylor,Kim,taylor.kim@example.br,BR,São Paulo,2023-03-22
C0056,Ömer,García,ömer.garcía@example.tr,TR,Istanbul,2022-04-28
C0057,Hasan,Aydın,hasan.aydin@example.tr,TR,Bursa,2024-12-23
C0058,Cameron,Yılmaz,cameron.yilmaz@example.de,DE,Berlin,2023-01-16
C0059,Dakota,Aydın,dakota.aydin@example.us,US,NYC,2023-04-27
C0060,Jamie,Lee,jamie.lee@example.jp,JP,Tokyo,2025-03-31
C0061,Ali,Çelik,ali.celik@example.tr,TR,Istanbul,2025-04-10
C0062,Taylor,Çelik,taylor.celik@example.nl,NL,Rotterdam,2023-10-06
C0063,Riley,Demir,riley.demir@example.fr,FR,Lyon,2023-09-07
C0064,Quinn,Yılmaz,quinn.yilmaz@example.br,BR,Rio,2022-01-20
C0065,Sam,Şahin,sam.sahin@example.br,BR,São Paulo,2023-03-13
C0066,Casey,Yılmaz,casey.yilmaz@example.gb,GB,London,2023-05-16
C0067,Jordan,Kaya,jordan.kaya@example.nl,NL,Rotterdam,2025-01-17
C0068,Dakota,Aydın,dakota.aydin@example.gb,GB,London,2025-02-09
C0069,Jordan,Kim,jordan.kim@example.gb,GB,London,2022-08-25
C0070,Morgan,Kim,morgan.kim@example.us,US,LA,2023-03-08
C0071,Dakota,Çelik,dakota.celik@example.nl,NL,Amsterdam,2023-06-25
C0072,Blake,Smith,blake.smith@example.br,BR,Rio,2022-07-09
C0073,Alex,Smith,alex.smith@example.jp,JP,Osaka,2023-11-15
C0074,Morgan,Demir,morgan.demir@example.de,DE,Hamburg,2024-06-23
C0075,Sam,Yılmaz,sam.yilmaz@example.jp,JP,Tokyo,2022-11-02
C0076,Hüseyin,Şahin,hüseyin.sahin@example.tr,TR,Izmir,2022-10-31
C0077,Alex,Kim,alex.kim@example.jp,JP,Tokyo,2024-01-17
C0078,Fatma,Çelik,fatma.celik@example.tr,TR,Izmir,2023-05-27
C0079,Quinn,Şahin,quinn.sahin@example.us,US,Chicago,2024-04-12
C0080,Blake,Demir,blake.demir@example.de,DE,Berlin,2022-12-29
C0081,Jordan,Wilson,jordan.wilson@example.jp,JP,Tokyo,2023-11-12
C0082,Morgan,Demir,morgan.demir@example.jp,JP,Tokyo,2022-08-10
C0083,Blake,Kaya,blake.kaya@example.jp,JP,Tokyo,2023-04-01
C0084,Casey,Kim,casey.kim@example.fr,FR,Lyon,2023-04-12
C0085,Dakota,Lee,dakota.lee@example.fr,FR,Paris,2024-03-27
C0086,Blake,Yılmaz,blake.yilmaz@example.nl,NL,Rotterdam,2023-07-26
C0087,Dakota,Aydın,dakota.aydin@example.nl,NL,Rotterdam,2025-01-03
C0088,Sam,Kim,sam.kim@example.nl,NL,Amsterdam,2023-01-01
C0089,Sam,Davis,sam.davis@example.gb,GB,London,2024-06-08
C0090,Riley,Davis,riley.davis@example.nl,NL,Rotterdam,2024-11-13
C0091,Jamie,Lee,jamie.lee@example.us,US,Austin,2023-06-06
C0092,Ahmet,Şahin,ahmet.sahin@example.tr,TR,Bursa,2025-01-07
C0093,Riley,Yılmaz,riley.yilmaz@example.fr,FR,Lyon,2023-11-08
C0094,Harper,Kim,harper.kim@example.nl,NL,Amsterdam,2024-11-04
C0095,Casey,Brown,casey.brown@example.gb,GB,Manchester,2023-08-29
C0096,Riley,Çelik,riley.celik@example.de,DE,Berlin,2024-02-16
C0097,Jamie,Kim,jamie.kim@example.de,DE,Hamburg,2024-04-11
C0098,Mustafa,Lee,mustafa.lee@example.tr,TR,Izmir,2024-05-30
C0099,Avery,Kaya,avery.kaya@example.nl,NL,Rotterdam,2023-03-14
C0100,Dakota,Yılmaz,dakota.yilmaz@example.br,BR,São Paulo,2023-08-05
C0101,Blake,Öz,blake.oz@example.nl,NL,Amsterdam,2023-04-27
C0102,Quinn,Lee,quinn.lee@example.gb,GB,London,2022-10-29
C0103,Fatma,Kaya,fatma.kaya@example.tr,TR,Istanbul,2022-05-30
C0104,Dakota,Davis,dakota.davis@example.br,BR,Rio,2023-02-03
C0105,Riley,Lee,riley.lee@example.jp,JP,Osaka,2022-10-30
C0106,Burak,Brown,burak.brown@example.tr,TR,Istanbul,2023-03-25
C0107,Cameron,Kaya,cameron.kaya@example.de,DE,Hamburg,2022-04-13
C0108,Avery,Demir,avery.demir@example.fr,FR,Paris,2024-08-09
C0109,Jamie,Aydın,jamie.aydin@example.nl,NL,Rotterdam,2024-10-30
C0110,Jordan,Wilson,jordan.wilson@example.jp,JP,Osaka,2024-08-30
C0111,Quinn,Lee,quinn.lee@example.br,BR,Rio,2023-07-22
C0112,Morgan,Kaya,morgan.kaya@example.br,BR,São Paulo,2022-06-08
C0113,Morgan,García,morgan.garcía@example.gb,GB,London,2023-10-17
C0114,Jordan,Lee,jordan.lee@example.us,US,LA,2024-02-24
C0115,Taylor,Yılmaz,taylor.yilmaz@example.de,DE,Hamburg,2024-04-29
C0116,Cameron,Kaya,cameron.kaya@example.jp,JP,Osaka,2024-05-01
C0117,Selin,Brown,selin.brown@example.tr,TR,Ankara,2024-03-08
C0118,Elif,Smith,elif.smith@example.tr,TR,Bursa,2023-12-22
C0119,Blake,Aydın,blake.aydin@example.gb,GB,Manchester,2024-05-08
C0120,Taylor,Kim,taylor.kim@example.fr,FR,Lyon,2024-06-11
C0121,Riley,García,riley.garcía@example.br,BR,São Paulo,2024-04-08
C0122,Jordan,Davis,jordan.davis@example.de,DE,Munich,2024-12-29
C0123,Hüseyin,Davis,hüseyin.davis@example.tr,TR,Bursa,2022-02-25
C0124,Jordan,Aydın,jordan.aydin@example.us,US,Austin,2024-08-03
C0125,Morgan,Brown,morgan.brown@example.de,DE,Berlin,2023-11-02
C0126,Casey,García,casey.garcía@example.fr,FR,Lyon,2024-02-16
C0127,Morgan,Aydın,morgan.aydin@example.gb,GB,Manchester,2022-06-17
C0128,Harper,Şahin,harper.sahin@example.br,BR,São Paulo,2022-04-17
C0129,Dakota,Yılmaz,dakota.yilmaz@example.nl,NL,Amsterdam,2022-03-24
C0130,Fatma,Aydın,fatma.aydin@example.tr,TR,Ankara,2022-02-11
C0131,Jordan,Kaya,jordan.kaya@example.de,DE,Berlin,2022-08-23
C0132,Harper,Kim,harper.kim@example.fr,FR,Lyon,2024-01-26
C0133,Jamie,Wilson,jamie.wilson@example.de,DE,Hamburg,2022-08-23
C0134,Sam,Davis,sam.davis@example.de,DE,Munich,2022-02-22
C0135,Riley,Wilson,riley.wilson@example.gb,GB,Manchester,2023-02-11
C0136,Sam,Wilson,sam.wilson@example.us,US,LA,2023-09-10
C0137,Casey,Şahin,casey.sahin@example.us,US,NYC,2024-05-27
C0138,Cameron,Çelik,cameron.celik@example.nl,NL,Amsterdam,2023-11-30
C0139,Selin,Kaya,selin.kaya@example.tr,TR,Bursa,2022-08-05
C0140,Dakota,Aydın,dakota.aydin@example.jp,JP,Osaka,2024-07-30
C0141,Jordan,Wilson,jordan.wilson@example.de,DE,Munich,2024-12-04
C0142,Avery,Brown,avery.brown@example.gb,GB,Manchester,2023-07-04
C0143,Blake,Yılmaz,blake.yilmaz@example.nl,NL,Amsterdam,2023-07-26
C0144,Quinn,Kaya,quinn.kaya@example.br,BR,São Paulo,2025-03-13
C0145,Alex,Kaya,alex.kaya@example.jp,JP,Osaka,2023-10-28
C0146,Taylor,García,taylor.garcía@example.de,DE,Munich,2023-06-14
C0147,Jamie,Wilson,jamie.wilson@example.nl,NL,Rotterdam,2023-07-20
C0148,Ayşe,Lee,ayşe.lee@example.tr,TR,Ankara,2024-04-12
C0149,Harper,Kaya,harper.kaya@example.br,BR,São Paulo,2024-10-02
C0150,Sam,Kim,sam.kim@example.br,BR,São Paulo,2023-03-30
C0151,Morgan,Çelik,morgan.celik@example.jp,JP,Tokyo,2025-04-06
C0152,Cameron,Şahin,cameron.sahin@example.nl,NL,Rotterdam,2023-12-06
C0153,Casey,Wilson,casey.wilson@example.jp,JP,Osaka,2024-07-18
C0154,Morgan,Lee,morgan.lee@example.gb,GB,Manchester,2022-09-05
C0155,Sam,Wilson,sam.wilson@example.fr,FR,Lyon,2025-01-02
C0156,Taylor,Wilson,taylor.wilson@example.de,DE,Berlin,2024-09-18
C0157,Sam,Aydın,sam.aydin@example.gb,GB,Manchester,2023-02-02
C0158,Casey,Demir,casey.demir@example.gb,GB,London,2023-09-12
C0159,Mustafa,Smith,mustafa.smith@example.tr,TR,Ankara,2022-04-22
C0160,Dakota,Aydın,dakota.aydin@example.gb,GB,London,2024-10-02
C0161,Jamie,Kim,jamie.kim@example.us,US,NYC,2024-08-19
C0162,Casey,Demir,casey.demir@example.br,BR,Rio,2022-04-16
C0163,Sam,Aydın,sam.aydin@example.gb,GB,Manchester,2022-05-14
C0164,Sam,Davis,sam.davis@example.jp,JP,Osaka,2022-04-20
C0165,Quinn,Davis,quinn.davis@example.de,DE,Berlin,2023-09-15
C0166,Sam,Şahin,sam.sahin@example.us,US,LA,2024-05-02
C0167,Avery,Kaya,avery.kaya@example.fr,FR,Lyon,2023-09-01
C0168,Jamie,Davis,jamie.davis@example.jp,JP,Osaka,2022-05-04
C0169,Dakota,Lee,dakota.lee@example.us,US,LA,2023-06-26
C0170,Taylor,Demir,taylor.demir@example.us,US,LA,2025-02-04
C0171,Alex,Brown,alex.brown@example.us,US,LA,2024-07-11
C0172,Alex,Lee,alex.lee@example.br,BR,Rio,2023-08-14
C0173,Sam,Çelik,sam.celik@example.gb,GB,Manchester,2023-04-24
C0174,Riley,Yılmaz,riley.yilmaz@example.gb,GB,London,2025-01-20
C0175,Morgan,Aydın,morgan.aydin@example.fr,FR,Paris,2022-10-19
C0176,Jordan,Öz,jordan.oz@example.us,US,NYC,2023-09-22
C0177,Sam,Kaya,sam.kaya@example.gb,GB,Manchester,2023-09-15
C0178,Cameron,Şahin,cameron.sahin@example.jp,JP,Osaka,2024-10-08
C0179,Jamie,Smith,jamie.smith@example.br,BR,São Paulo,2024-06-03
C0180,Alex,Yılmaz,alex.yilmaz@example.nl,NL,Rotterdam,2023-04-14
C0181,Hüseyin,Smith,hüseyin.smith@example.tr,TR,Izmir,2022-12-25
C0182,Morgan,Demir,morgan.demir@example.br,BR,Rio,2025-04-13
C0183,Sam,Kaya,sam.kaya@example.jp,JP,Osaka,2023-12-14
C0184,Casey,Çelik,casey.celik@example.jp,JP,Osaka,2022-08-03
C0185,Riley,Wilson,riley.wilson@example.de,DE,Munich,2024-10-11
C0186,Blake,Öz,blake.oz@example.gb,GB,Manchester,2025-01-31
C0187,Ayşe,García,ayşe.garcía@example.tr,TR,Bursa,2023-06-01
C0188,Quinn,Brown,quinn.brown@example.nl,NL,Amsterdam,2024-11-19
C0189,Ali,Smith,ali.smith@example.tr,TR,Bursa,2023-01-20
C0190,Dakota,Kaya,dakota.kaya@example.nl,NL,Rotterdam,2022-04-16
C0191,Cameron,Demir,cameron.demir@example.fr,FR,Lyon,2023-08-13
C0192,Sam,Smith,sam.smith@example.br,BR,Rio,2023-05-06
C0193,Cameron,Smith,cameron.smith@example.de,DE,Munich,2025-02-05
C0194,Taylor,Aydın,taylor.aydin@example.jp,JP,Tokyo,2022-08-21
C0195,Dakota,Aydın,dakota.aydin@example.br,BR,São Paulo,2022-11-12
C0196,Cameron,Wilson,cameron.wilson@example.br,BR,Rio,2023-07-14
C0197,Avery,Lee,avery.lee@example.jp,JP,Osaka,2024-07-24
C0198,Taylor,Davis,taylor.davis@example.de,DE,Munich,2024-11-06
C0199,Morgan,Öz,morgan.oz@example.de,DE,Berlin,2024-04-29
C0200,Blake,Smith,blake.smith@example.nl,NL,Rotterdam,2023-08-03
C0201,Blake,Demir,blake.demir@example.gb,GB,Manchester,2024-07-03
C0202,Casey,Şahin,casey.sahin@example.br,BR,Rio,2025-01-17
C0203,Casey,Aydın,casey.aydin@example.jp,JP,Osaka,2023-01-22
C0204,Taylor,Aydın,taylor.aydin@example.fr,FR,Lyon,2024-04-21
C0205,Ömer,Kaya,ömer.kaya@example.tr,TR,Izmir,2024-02-20
C0206,Avery,Smith,avery.smith@example.jp,JP,Tokyo,2022-09-16
C0207,Blake,Aydın,blake.aydin@example.nl,NL,Amsterdam,2024-06-20
C0208,Alex,Wilson,alex.wilson@example.us,US,Austin,2022-10-23
C0209,Sam,Kaya,sam.kaya@example.jp,JP,Tokyo,2023-06-27
C0210,Dakota,Yılmaz,dakota.yilmaz@example.nl,NL,Rotterdam,2023-11-04
C0211,Dakota,Wilson,dakota.wilson@example.jp,JP,Osaka,2024-09-26
C0212,Fatma,Çelik,fatma.celik@example.tr,TR,Istanbul,2023-08-12
C0213,Riley,Yılmaz,riley.yilmaz@example.fr,FR,Paris,2022-07-25
C0214,Harper,Kim,harper.kim@example.br,BR,São Paulo,2022-03-01
C0215,Burak,Smith,burak.smith@example.tr,TR,Izmir,2023-08-24
C0216,Riley,Demir,riley.demir@example.nl,NL,Rotterdam,2023-05-16
C0217,Jordan,Demir,jordan.demir@example.jp,JP,Tokyo,2022-06-11
C0218,Avery,Davis,avery.davis@example.jp,JP,Tokyo,2022-10-21
C0219,Dakota,Kim,dakota.kim@example.fr,FR,Lyon,2024-07-30
C0220,Quinn,Kaya,quinn.kaya@example.gb,GB,London,2023-08-13
C0221,Avery,García,avery.garcía@example.de,DE,Berlin,2023-09-05
C0222,Avery,Aydın,avery.aydin@example.jp,JP,Osaka,2023-09-11
C0223,Blake,Kaya,blake.kaya@example.fr,FR,Lyon,2022-08-07
C0224,Jamie,García,jamie.garcía@example.fr,FR,Lyon,2025-03-23
C0225,Alex,Aydın,alex.aydin@example.gb,GB,Manchester,2024-03-21
C0226,Jamie,Aydın,jamie.aydin@example.gb,GB,London,2022-04-11
C0227,Quinn,Öz,quinn.oz@example.br,BR,Rio,2023-04-17
C0228,Dakota,Lee,dakota.lee@example.nl,NL,Amsterdam,2023-05-29
C0229,Sam,Çelik,sam.celik@example.de,DE,Hamburg,2022-03-22
C0230,Alex,Davis,alex.davis@example.gb,GB,Manchester,2024-01-18
C0231,Morgan,García,morgan.garcía@example.de,DE,Berlin,2024-04-30
C0232,Jordan,Öz,jordan.oz@example.de,DE,Berlin,2025-01-09
C0233,Blake,Demir,blake.demir@example.nl,NL,Rotterdam,2023-06-11
C0234,Harper,Aydın,harper.aydin@example.br,BR,Rio,2023-11-25
C0235,Sam,Demir,sam.demir@example.us,US,Austin,2023-04-08
C0236,Sam,Öz,sam.oz@example.jp,JP,Osaka,2024-03-19
C0237,Hasan,Yılmaz,hasan.yilmaz@example.tr,TR,Izmir,2024-07-20
C0238,Jamie,Brown,jamie.brown@example.nl,NL,Rotterdam,2024-01-31
C0239,Avery,Smith,avery.smith@example.us,US,LA,2025-02-23
C0240,Dakota,Yılmaz,dakota.yilmaz@example.nl,NL,Amsterdam,2024-08-08
C0241,Sam,Demir,sam.demir@example.gb,GB,Manchester,2022-04-03
C0242,Elif,Yılmaz,elif.yilmaz@example.tr,TR,Izmir,2022-07-19
C0243,Riley,Kaya,riley.kaya@example.fr,FR,Paris,2024-01-30
C0244,Riley,Çelik,riley.celik@example.jp,JP,Tokyo,2022-07-22
C0245,Morgan,Smith,morgan.smith@example.br,BR,Rio,2024-01-29
C0246,Avery,Lee,avery.lee@example.fr,FR,Lyon,2024-01-13
C0247,Cameron,Çelik,cameron.celik@example.us,US,Chicago,2024-01-05
C0248,Mustafa,Lee,mustafa.lee@example.tr,TR,Bursa,2022-09-08
C0249,Dakota,Lee,dakota.lee@example.br,BR,São Paulo,2022-02-13
C0250,Fatma,Demir,fatma.demir@example.tr,TR,Izmir,2025-03-02
C0251,Blake,Öz,blake.oz@example.fr,FR,Paris,2025-02-09
C0252,Blake,Aydın,blake.aydin@example.fr,FR,Paris,2023-04-23
C0253,Quinn,Davis,quinn.davis@example.nl,NL,Amsterdam,2022-01-06
C0254,Jordan,Şahin,jordan.sahin@example.gb,GB,London,2023-05-29
C0255,Dakota,Aydın,dakota.aydin@example.de,DE,Berlin,2022-02-22
C0256,Casey,Öz,casey.oz@example.de,DE,Berlin,2023-05-03
C0257,Jordan,Kim,jordan.kim@example.nl,NL,Amsterdam,2022-04-18
C0258,Riley,Şahin,riley.sahin@example.de,DE,Hamburg,2022-08-21
C0259,Avery,Öz,avery.oz@example.us,US,Austin,2024-01-12
C0260,Cameron,Lee,cameron.lee@example.us,US,Austin,2022-03-30
C0261,Dakota,Smith,dakota.smith@example.gb,GB,Manchester,2022-05-05
C0262,Riley,Çelik,riley.celik@example.br,BR,Rio,2022-08-10
C0263,Sam,Yılmaz,sam.yilmaz@example.br,BR,Rio,2023-10-22
C0264,Jordan,Kim,jordan.kim@example.de,DE,Berlin,2025-04-13
C0265,Jamie,Şahin,jamie.sahin@example.nl,NL,Rotterdam,2023-08-27
C0266,Sam,Öz,sam.oz@example.br,BR,Rio,2022-08-23
C0267,Avery,Lee,avery.lee@example.fr,FR,Lyon,2024-04-27
C0268,Riley,Brown,riley.brown@example.nl,NL,Rotterdam,2022-07-14
C0269,Casey,Çelik,casey.celik@example.nl,NL,Rotterdam,2023-06-07
C0270,Dakota,Kaya,dakota.kaya@example.nl,NL,Amsterdam,2022-05-18
C0271,Sam,Brown,sam.brown@example.us,US,NYC,2022-07-17
C0272,Cameron,Smith,cameron.smith@example.nl,NL,Amsterdam,2025-02-24
C0273,Riley,García,riley.garcía@example.nl,NL,Amsterdam,2024-05-16
C0274,Hüseyin,Kim,hüseyin.kim@example.tr,TR,Izmir,2023-12-22
C0275,Jordan,Çelik,jordan.celik@example.us,US,LA,2024-09-14
C0276,Casey,Aydın,casey.aydin@example.fr,FR,Paris,2025-02-13
C0277,Quinn,Kim,quinn.kim@example.nl,NL,Amsterdam,2025-03-21
C0278,Blake,Şahin,blake.sahin@example.fr,FR,Lyon,2025-02-14
C0279,Ahmet,Demir,ahmet.demir@example.tr,TR,Izmir,2023-07-14
C0280,Casey,Smith,casey.smith@example.gb,GB,Manchester,2023-01-07
C0281,Dakota,Brown,dakota.brown@example.de,DE,Hamburg,2022-05-23
C0282,Dakota,Smith,dakota.smith@example.de,DE,Hamburg,2022-07-07
C0283,Riley,Kaya,riley.kaya@example.fr,FR,Lyon,2023-11-30
C0284,Morgan,Wilson,morgan.wilson@example.de,DE,Munich,2023-10-27
C0285,Jordan,Demir,jordan.demir@example.us,US,NYC,2022-04-12
C0286,Avery,Çelik,avery.celik@example.us,US,Chicago,2024-05-18
C0287,Riley,Kim,riley.kim@example.br,BR,Rio,2023-03-18
C0288,Riley,Yılmaz,riley.yilmaz@example.us,US,Chicago,2023-08-04
C0289,Alex,Lee,alex.lee@example.br,BR,Rio,2024-03-20
C0290,Fatma,Kim,fatma.kim@example.tr,TR,Istanbul,2023-03-09
C0291,Morgan,García,morgan.garcía@example.de,DE,Munich,2022-09-03
C0292,Ömer,Brown,ömer.brown@example.tr,TR,Bursa,2022-12-26
C0293,Cameron,Wilson,cameron.wilson@example.de,DE,Munich,2023-04-17
C0294,Riley,Aydın,riley.aydin@example.nl,NL,Amsterdam,2022-03-28
C0295,Avery,Yılmaz,avery.yilmaz@example.jp,JP,Tokyo,2023-10-04
C0296,Harper,Çelik,harper.celik@example.jp,JP,Osaka,2024-05-05
C0297,Riley,Smith,riley.smith@example.gb,GB,London,2023-10-28
C0298,Avery,Aydın,avery.aydin@example.de,DE,Hamburg,2024-01-12
C0299,Blake,Yılmaz,blake.yilmaz@example.us,US,Austin,2023-05-14
C0300,Cameron,Yılmaz,cameron.yilmaz@example.jp,JP,Osaka,2024-03-21
C0301,Taylor,García,taylor.garcía@example.gb,GB,Manchester,2022-12-11
C0302,Cameron,Şahin,cameron.sahin@example.us,US,NYC,2023-02-02
C0303,Harper,Aydın,harper.aydin@example.nl,NL,Rotterdam,2022-10-30
C0304,Jordan,Kim,jordan.kim@example.fr,FR,Paris,2023-02-09
C0305,Jordan,Öz,jordan.oz@example.de,DE,Hamburg,2022-06-04
C0306,Avery,Kaya,avery.kaya@example.de,DE,Hamburg,2025-02-28
C0307,Blake,Çelik,blake.celik@example.br,BR,Rio,2023-10-10
C0308,Sam,Kaya,sam.kaya@example.de,DE,Munich,2024-06-24
C0309,Jamie,Smith,jamie.smith@example.gb,GB,Manchester,2023-12-22
C0310,Avery,Kaya,avery.kaya@example.us,US,Chicago,2022-03-19
C0311,Selin,Kim,selin.kim@example.tr,TR,Izmir,2022-06-07
C0312,Avery,Davis,avery.davis@example.us,US,Austin,2025-02-09
C0313,Burak,Davis,burak.davis@example.tr,TR,Bursa,2023-01-21
C0314,Cameron,Demir,cameron.demir@example.nl,NL,Rotterdam,2022-05-07
C0315,Quinn,Aydın,quinn.aydin@example.br,BR,São Paulo,2023-12-05
C0316,Alex,Lee,alex.lee@example.us,US,LA,2024-06-15
C0317,Casey,García,casey.garcía@example.br,BR,São Paulo,2023-08-03
C0318,Quinn,García,quinn.garcía@example.jp,JP,Osaka,2022-04-18
C0319,Casey,Yılmaz,casey.yilmaz@example.nl,NL,Amsterdam,2025-02-16
C0320,Morgan,Wilson,morgan.wilson@example.jp,JP,Osaka,2022-11-04
C0321,Jamie,Çelik,jamie.celik@example.nl,NL,Amsterdam,2022-10-17
C0322,Dakota,Wilson,dakota.wilson@example.nl,NL,Rotterdam,2024-03-13
C0323,Harper,Yılmaz,harper.yilmaz@example.de,DE,Hamburg,2023-09-27
C0324,Blake,Demir,blake.demir@example.jp,JP,Osaka,2024-12-14
C0325,Cameron,García,cameron.garcía@example.us,US,Austin,2022-02-07
C0326,Jordan,Lee,jordan.lee@example.nl,NL,Rotterdam,2023-12-01
C0327,Taylor,Demir,taylor.demir@example.br,BR,São Paulo,2022-11-14
C0328,Blake,Öz,blake.oz@example.us,US,Chicago,2022-07-27
C0329,Burak,Davis,burak.davis@example.tr,TR,Izmir,2022-09-26
C0330,Jordan,Demir,jordan.demir@example.jp,JP,Tokyo,2022-12-06
C0331,Riley,García,riley.garcía@example.br,BR,São Paulo,2023-05-02
C0332,Quinn,Wilson,quinn.wilson@example.br,BR,Rio,2024-07-08
C0333,Morgan,Öz,morgan.oz@example.fr,FR,Paris,2024-08-18
C0334,Dakota,Davis,dakota.davis@example.fr,FR,Lyon,2024-06-21
C0335,Quinn,Brown,quinn.brown@example.br,BR,Rio,2024-10-26
C0336,Blake,Lee,blake.lee@example.jp,JP,Tokyo,2022-10-11
C0337,Dakota,Kaya,dakota.kaya@example.gb,GB,London,2024-01-31
C0338,Morgan,Yılmaz,morgan.yilmaz@example.us,US,NYC,2022-11-25
C0339,Cameron,Demir,cameron.demir@example.gb,GB,Manchester,2024-06-14
C0340,Blake,Kaya,blake.kaya@example.us,US,LA,2023-12-17
C0341,Ahmet,Brown,ahmet.brown@example.tr,TR,Bursa,2024-10-25
C0342,Riley,Yılmaz,riley.yilmaz@example.nl,NL,Amsterdam,2024-02-07
C0343,Casey,Yılmaz,casey.yilmaz@example.fr,FR,Paris,2023-11-18
C0344,Alex,Kim,alex.kim@example.de,DE,Berlin,2024-08-25
C0345,Avery,Kaya,avery.kaya@example.de,DE,Hamburg,2022-01-11
C0346,Morgan,Lee,morgan.lee@example.us,US,NYC,2022-11-03
C0347,Quinn,Kim,quinn.kim@example.jp,JP,Tokyo,2023-05-02
C0348,Alex,Lee,alex.lee@example.gb,GB,London,2024-05-09
C0349,Sam,Aydın,sam.aydin@example.br,BR,São Paulo,2024-10-20
C0350,Ömer,Demir,ömer.demir@example.tr,TR,Ankara,2023-08-20
C0351,Jamie,García,jamie.garcía@example.jp,JP,Tokyo,2023-05-08
C0352,Dakota,Çelik,dakota.celik@example.jp,JP,Tokyo,2022-06-25
C0353,Cameron,Şahin,cameron.sahin@example.nl,NL,Amsterdam,2024-11-05
C0354,Selin,Kaya,selin.kaya@example.tr,TR,Bursa,2022-03-31
C0355,Morgan,Wilson,morgan.wilson@example.jp,JP,Osaka,2022-02-03
C0356,Casey,Lee,casey.lee@example.nl,NL,Amsterdam,2022-08-01
C0357,Alex,García,alex.garcía@example.nl,NL,Amsterdam,2025-01-23
C0358,Blake,Öz,blake.oz@example.nl,NL,Amsterdam,2024-08-09
C0359,Quinn,Demir,quinn.demir@example.br,BR,São Paulo,2022-05-10
C0360,Morgan,Lee,morgan.lee@example.br,BR,São Paulo,2022-03-31
C0361,Casey,Kim,casey.kim@example.fr,FR,Paris,2024-11-21
C0362,Morgan,Smith,morgan.smith@example.jp,JP,Osaka,2023-01-27
C0363,Blake,Öz,blake.oz@example.gb,GB,Manchester,2022-04-08
C0364,Sam,Öz,sam.oz@example.nl,NL,Rotterdam,2024-01-24
C0365,Harper,Kaya,harper.kaya@example.jp,JP,Osaka,2024-03-02
C0366,Avery,Wilson,avery.wilson@example.nl,NL,Amsterdam,2024-10-15
C0367,Quinn,Yılmaz,quinn.yilmaz@example.nl,NL,Rotterdam,2024-05-19
C0368,Jamie,Aydın,jamie.aydin@example.us,US,Austin,2023-01-05
C0369,Sam,Yılmaz,sam.yilmaz@example.gb,GB,Manchester,2023-11-03
C0370,Avery,Davis,avery.davis@example.gb,GB,Manchester,2024-05-22
C0371,Avery,García,avery.garcía@example.de,DE,Hamburg,2024-07-04
C0372,Hüseyin,Brown,hüseyin.brown@example.tr,TR,Izmir,2023-07-17
C0373,Emine,Çelik,emine.celik@example.tr,TR,Istanbul,2024-04-11
C0374,Alex,Demir,alex.demir@example.nl,NL,Amsterdam,2024-06-16
C0375,Ayşe,Lee,ayşe.lee@example.tr,TR,Ankara,2024-01-21
C0376,Jamie,Smith,jamie.smith@example.nl,NL,Rotterdam,2022-11-11
C0377,Casey,Kaya,casey.kaya@example.br,BR,Rio,2022-06-07
C0378,Casey,Brown,casey.brown@example.de,DE,Hamburg,2023-10-06
C0379,Sam,Smith,sam.smith@example.gb,GB,London,2023-01-17
C0380,Cameron,Yılmaz,cameron.yilmaz@example.br,BR,Rio,2023-06-21
C0381,Taylor,Davis,taylor.davis@example.gb,GB,Manchester,2023-08-08
C0382,Sam,Demir,sam.demir@example.br,BR,São Paulo,2022-06-01
C0383,Harper,Kaya,harper.kaya@example.br,BR,São Paulo,2022-06-29
C0384,Harper,Yılmaz,harper.yilmaz@example.nl,NL,Rotterdam,2025-01-31
C0385,Blake,Demir,blake.demir@example.gb,GB,Manchester,2022-12-23
C0386,Sam,Lee,sam.lee@example.nl,NL,Amsterdam,2022-10-12
C0387,Alex,García,alex.garcía@example.fr,FR,Lyon,2025-02-08
C0388,Quinn,Şahin,quinn.sahin@example.nl,NL,Rotterdam,2022-09-23
C0389,Morgan,Brown,morgan.brown@example.us,US,NYC,2024-09-07
C0390,Blake,Davis,blake.davis@example.jp,JP,Osaka,2022-06-01
C0391,Dakota,Yılmaz,dakota.yilmaz@example.de,DE,Munich,2024-07-10
C0392,Jordan,Aydın,jordan.aydin@example.br,BR,Rio,2025-02-03
C0393,Riley,Şahin,riley.sahin@example.de,DE,Berlin,2022-04-24
C0394,Morgan,Demir,morgan.demir@example.us,US,LA,2022-11-28
C0395,Casey,Şahin,casey.sahin@example.nl,NL,Amsterdam,2023-08-05
C0396,Taylor,Çelik,taylor.celik@example.us,US,Chicago,2025-02-02
C0397,Dakota,Kim,dakota.kim@example.gb,GB,London,2024-12-28
C0398,Jamie,Davis,jamie.davis@example.us,US,LA,2022-11-12
C0399,Jamie,Wilson,jamie.wilson@example.de,DE,Hamburg,2023-11-23
C0400,Ayşe,Smith,ayşe.smith@example.tr,TR,Istanbul,2025-03-27
C0401,Quinn,Davis,quinn.davis@example.gb,GB,London,2024-05-03
C0402,Emine,Şahin,emine.sahin@example.tr,TR,Bursa,2023-08-17
C0403,Taylor,Öz,taylor.oz@example.gb,GB,Manchester,2024-04-11
C0404,Sam,Wilson,sam.wilson@example.gb,GB,Manchester,2022-05-03
C0405,Riley,Kaya,riley.kaya@example.de,DE,Munich,2024-08-09
C0406,Jamie,Demir,jamie.demir@example.fr,FR,Lyon,2023-10-03
C0407,Riley,Demir,riley.demir@example.nl,NL,Rotterdam,2024-01-29
C0408,Taylor,Kaya,taylor.kaya@example.us,US,Chicago,2022-09-08
C0409,Taylor,Demir,taylor.demir@example.gb,GB,Manchester,2022-07-18
C0410,Ali,Aydın,ali.aydin@example.tr,TR,Izmir,2024-05-06
C0411,Blake,García,blake.garcía@example.fr,FR,Paris,2025-03-29
C0412,Quinn,Demir,quinn.demir@example.nl,NL,Amsterdam,2024-10-17
C0413,Morgan,Kaya,morgan.kaya@example.br,BR,Rio,2022-02-17
C0414,Cameron,Kaya,cameron.kaya@example.us,US,Austin,2023-05-09
C0415,Alex,Smith,alex.smith@example.fr,FR,Lyon,2023-07-31
C0416,Morgan,Şahin,morgan.sahin@example.br,BR,Rio,2022-01-17
C0417,Jordan,Kim,jordan.kim@example.us,US,Austin,2024-01-20
C0418,Alex,Brown,alex.brown@example.jp,JP,Osaka,2022-04-15
C0419,Cameron,Kim,cameron.kim@example.fr,FR,Lyon,2022-05-31
C0420,Quinn,Şahin,quinn.sahin@example.jp,JP,Osaka,2023-07-27
C0421,Sam,Brown,sam.brown@example.us,US,LA,2024-02-04
C0422,Quinn,Demir,quinn.demir@example.nl,NL,Rotterdam,2023-02-12
C0423,Alex,Smith,alex.smith@example.jp,JP,Tokyo,2022-10-08
C0424,Cameron,Kaya,cameron.kaya@example.nl,NL,Rotterdam,2022-11-02
C0425,Jamie,García,jamie.garcía@example.de,DE,Munich,2022-11-29
C0426,Jamie,García,jamie.garcía@example.jp,JP,Osaka,2024-11-04
C0427,Avery,Aydın,avery.aydin@example.br,BR,Rio,2022-02-04
C0428,Dakota,Yılmaz,dakota.yilmaz@example.nl,NL,Rotterdam,2024-05-03
C0429,Jamie,Kaya,jamie.kaya@example.gb,GB,London,2023-06-28
C0430,Jamie,Kaya,jamie.kaya@example.fr,FR,Paris,2022-12-16
C0431,Blake,Çelik,blake.celik@example.jp,JP,Tokyo,2023-05-12
C0432,Fatma,Smith,fatma.smith@example.tr,TR,Istanbul,2024-06-22
C0433,Jordan,Brown,jordan.brown@example.nl,NL,Rotterdam,2023-02-22
C0434,Blake,Aydın,blake.aydin@example.jp,JP,Osaka,2022-05-08
C0435,Taylor,Şahin,taylor.sahin@example.de,DE,Hamburg,2023-10-28
C0436,Casey,Demir,casey.demir@example.br,BR,Rio,2024-07-30
C0437,Dakota,Öz,dakota.oz@example.nl,NL,Rotterdam,2023-06-26
C0438,Taylor,Kim,taylor.kim@example.br,BR,São Paulo,2025-02-16
C0439,Morgan,Öz,morgan.oz@example.gb,GB,London,2023-08-15
C0440,Casey,Kaya,casey.kaya@example.fr,FR,Lyon,2023-12-16
C0441,Sam,Davis,sam.davis@example.gb,GB,Manchester,2025-01-17
C0442,Blake,García,blake.garcía@example.jp,JP,Osaka,2022-10-27
C0443,Morgan,Wilson,morgan.wilson@example.gb,GB,London,2022-06-11
C0444,Dakota,Kim,dakota.kim@example.nl,NL,Rotterdam,2024-09-08
C0445,Blake,Şahin,blake.sahin@example.fr,FR,Paris,2023-07-10
C0446,Sam,Davis,sam.davis@example.gb,GB,London,2023-05-06
C0447,Dakota,Şahin,dakota.sahin@example.fr,FR,Paris,2023-04-08
C0448,Sam,Brown,sam.brown@example.fr,FR,Paris,2023-11-08
C0449,Dakota,Öz,dakota.oz@example.br,BR,São Paulo,2022-10-09
C0450,Ali,Çelik,ali.celik@example.tr,TR,Ankara,2024-09-01
C0451,Quinn,Kim,quinn.kim@example.br,BR,São Paulo,2023-10-20
C0452,Quinn,Yılmaz,quinn.yilmaz@example.gb,GB,London,2025-03-21
C0453,Jordan,Brown,jordan.brown@example.fr,FR,Paris,2022-12-27
C0454,Burak,Kaya,burak.kaya@example.tr,TR,Bursa,2023-01-17
C0455,Alex,Kim,alex.kim@example.gb,GB,London,2025-03-09
C0456,Morgan,Kaya,morgan.kaya@example.us,US,Chicago,2025-01-17
C0457,Blake,Şahin,blake.sahin@example.br,BR,São Paulo,2024-08-16
C0458,Quinn,Yılmaz,quinn.yilmaz@example.gb,GB,London,2023-11-09
C0459,Avery,Çelik,avery.celik@example.de,DE,Hamburg,2023-06-11
C0460,Harper,García,harper.garcía@example.de,DE,Berlin,2023-08-28
C0461,Jamie,Aydın,jamie.aydin@example.fr,FR,Paris,2024-04-10
C0462,Sam,Brown,sam.brown@example.jp,JP,Osaka,2022-07-15
C0463,Avery,García,avery.garcía@example.de,DE,Berlin,2023-05-24
C0464,Ali,Lee,ali.lee@example.tr,TR,Izmir,2024-07-03
C0465,Morgan,Davis,morgan.davis@example.gb,GB,Manchester,2025-03-19
C0466,Emine,García,emine.garcía@example.tr,TR,Izmir,2023-04-29
C0467,Elif,Kim,elif.kim@example.tr,TR,Istanbul,2022-11-24
C0468,Harper,Yılmaz,harper.yilmaz@example.jp,JP,Osaka,2023-08-28
C0469,Taylor,Demir,taylor.demir@example.nl,NL,Amsterdam,2024-09-06
C0470,Harper,Davis,harper.davis@example.de,DE,Munich,2024-02-05
C0471,Quinn,Şahin,quinn.sahin@example.jp,JP,Osaka,2023-03-24
C0472,Cameron,Kaya,cameron.kaya@example.fr,FR,Paris,2024-12-17
C0473,Jamie,Yılmaz,jamie.yilmaz@example.nl,NL,Amsterdam,2022-05-07
C0474,Jordan,García,jordan.garcía@example.fr,FR,Paris,2024-12-01
C0475,Dakota,Lee,dakota.lee@example.br,BR,São Paulo,2025-04-09
C0476,Cameron,Kaya,cameron.kaya@example.br,BR,São Paulo,2022-04-24
C0477,Cameron,Brown,cameron.brown@example.br,BR,São Paulo,2024-07-24
C0478,Emine,Öz,emine.oz@example.tr,TR,Bursa,2023-09-24
C0479,Mustafa,Aydın,mustafa.aydin@example.tr,TR,Bursa,2022-01-07
C0480,Alex,Brown,alex.brown@example.fr,FR,Paris,2023-12-07
C0481,Sam,Kaya,sam.kaya@example.us,US,NYC,2022-03-06
C0482,Jordan,Öz,jordan.oz@example.gb,GB,Manchester,2022-10-05
C0483,Riley,Kaya,riley.kaya@example.jp,JP,Osaka,2024-02-13
C0484,Dakota,Çelik,dakota.celik@example.jp,JP,Tokyo,2025-01-09
C0485,Blake,García,blake.garcía@example.de,DE,Hamburg,2022-08-31
C0486,Riley,Şahin,riley.sahin@example.de,DE,Hamburg,2022-09-18
C0487,Quinn,Smith,quinn.smith@example.fr,FR,Paris,2023-09-04
C0488,Cameron,Brown,cameron.brown@example.br,BR,Rio,2023-04-16
C0489,Casey,Demir,casey.demir@example.fr,FR,Lyon,2023-07-19
C0490,Alex,Öz,alex.oz@example.fr,FR,Paris,2024-05-08
C0491,Fatma,Yılmaz,fatma.yilmaz@example.tr,TR,Ankara,2022-07-26
C0492,Hüseyin,Çelik,hüseyin.celik@example.tr,TR,Bursa,2022-04-10
C0493,Riley,Kaya,riley.kaya@example.fr,FR,Paris,2023-04-25
C0494,Jordan,Şahin,jordan.sahin@example.fr,FR,Paris,2023-08-16
C0495,Jamie,Davis,jamie.davis@example.fr,FR,Lyon,2023-10-19
C0496,Jordan,Çelik,jordan.celik@example.fr,FR,Lyon,2024-12-03
C0497,Morgan,Kim,morgan.kim@example.fr,FR,Lyon,2022-05-05
C0498,Dakota,Brown,dakota.brown@example.de,DE,Hamburg,2025-02-12
C0499,Casey,Çelik,casey.celik@example.br,BR,São Paulo,2024-02-20
C0500,Riley,Demir,riley.demir@example.nl,NL,Rotterdam,2023-09-07
