order_id,customer_id,product_id,quantity,order_date,total_usd,status
O00001,C0380,P010,1,2024-10-10,175.18,pending
O00002,C0297,P027,1,2024-04-10,94.62,delivered
O00003,C0195,P037,3,2024-09-12,96.78,delivered
O00004,C0484,P022,1,2025-02-24,137.26,delivered
O00005,C0371,P032,1,2025-01-10,28.13,shipped
O00006,C0087,P009,2,2024-09-07,265.58,delivered
O00007,C0456,P035,5,2024-01-31,172.0,delivered
O00008,C0430,P005,4,2024-12-08,1623.2,delivered
O00009,C0004,P027,1,2024-11-18,94.62,delivered
O00010,C0363,P010,1,2024-09-15,175.18,delivered
O00011,C0031,P031,2,2024-01-09,90.04,delivered
O00012,C0283,P027,1,2024-09-28,94.62,delivered
O00013,C0275,P019,1,2025-02-20,37.06,delivered
O00014,C0221,P012,1,2024-02-19,194.97,delivered
O00015,C0124,P013,2,2024-05-09,91.36,shipped
O00016,C0137,P026,1,2024-07-26,138.02,delivered
O00017,C0125,P015,1,2025-02-27,43.03,shipped
O00018,C0335,P003,1,2024-07-13,426.93,delivered
O00019,C0244,P004,2,2024-12-25,861.82,delivered
O00020,C0256,P028,2,2024-06-18,131.06,delivered
O00021,C0440,P007,3,2024-01-22,1453.14,delivered
O00022,C0462,P037,1,2024-01-24,32.26,pending
O00023,C0351,P018,3,2024-10-15,115.65,delivered
O00024,C0092,P021,1,2024-04-16,56.62,delivered
O00025,C0386,P026,4,2024-06-02,552.08,delivered
O00026,C0124,P037,3,2024-07-18,96.78,delivered
O00027,C0277,P022,1,2025-01-13,137.26,delivered
O00028,C0353,P006,1,2024-06-26,42.95,delivered
O00029,C0224,P015,3,2024-06-23,129.09,delivered
O00030,C0315,P039,1,2025-01-31,21.0,delivered
O00031,C0325,P018,2,2024-08-18,77.1,delivered
O00032,C0183,P036,4,2024-08-09,109.48,delivered
O00033,C0300,P025,1,2024-11-12,149.94,delivered
O00034,C0127,P005,1,2024-03-19,405.8,delivered
O00035,C0402,P010,2,2024-06-11,350.36,delivered
O00036,C0047,P001,4,2024-08-15,790.32,delivered
O00037,C0139,P007,1,2024-04-05,484.38,delivered
O00038,C0286,P036,1,2024-02-22,27.37,delivered
O00039,C0182,P036,1,2024-11-02,27.37,shipped
O00040,C0443,P025,1,2024-07-30,149.94,delivered
O00041,C0044,P036,4,2024-05-04,109.48,delivered
O00042,C0087,P025,1,2024-05-17,149.94,delivered
O00043,C0253,P010,1,2024-08-10,175.18,delivered
O00044,C0154,P031,2,2024-07-03,90.04,delivered
O00045,C0127,P032,2,2024-04-10,56.26,delivered
O00046,C0070,P020,1,2024-07-21,18.86,delivered
O00047,C0318,P025,3,2024-06-17,449.82,delivered
O00048,C0221,P039,1,2024-06-13,21.0,delivered
O00049,C0356,P013,1,2024-03-31,45.68,pending
O00050,C0496,P021,1,2024-12-21,56.62,delivered
O00051,C0496,P037,2,2024-06-15,64.52,delivered
O00052,C0419,P026,1,2024-10-15,138.02,delivered
O00053,C0280,P012,2,2024-10-08,389.94,delivered
O00054,C0373,P030,4,2024-04-17,104.92,delivered
O00055,C0150,P005,3,2025-02-11,1217.4,shipped
O00056,C0345,P032,1,2024-06-04,28.13,delivered
O00057,C0338,P010,2,2025-02-08,350.36,delivered
O00058,C0230,P039,1,2024-07-24,21.0,delivered
O00059,C0473,P027,1,2025-02-08,94.62,pending
O00060,C0360,P035,2,2024-02-13,68.8,delivered
O00061,C0128,P023,1,2024-11-09,141.2,delivered
O00062,C0331,P026,4,2024-06-18,552.08,pending
O00063,C0221,P007,1,2024-05-12,484.38,delivered
O00064,C0383,P034,2,2024-12-18,79.9,delivered
O00065,C0229,P024,1,2025-01-30,113.81,delivered
O00066,C0354,P033,1,2024-01-13,43.46,delivered
O00067,C0152,P027,4,2024-02-13,378.48,delivered
O00068,C0482,P010,1,2024-06-24,175.18,delivered
O00069,C0106,P034,1,2024-08-31,39.95,delivered
O00070,C0370,P029,1,2024-06-02,46.41,delivered
O00071,C0364,P008,1,2024-06-24,272.05,delivered
O00072,C0347,P011,4,2025-01-14,1849.12,delivered
O00073,C0090,P036,1,2024-10-13,27.37,delivered
O00074,C0237,P015,2,2024-11-18,86.06,delivered
O00075,C0328,P028,1,2025-01-12,65.53,delivered
O00076,C0102,P029,2,2024-07-18,92.82,delivered
O00077,C0110,P014,1,2024-12-26,10.68,shipped
O00078,C0033,P037,1,2025-03-22,32.26,delivered
O00079,C0188,P021,1,2024-02-28,56.62,delivered
O00080,C0442,P032,1,2024-11-23,28.13,delivered
O00081,C0199,P026,2,2024-06-27,276.04,delivered
O00082,C0235,P012,3,2024-12-27,584.91,shipped
O00083,C0471,P038,1,2024-03-09,13.01,delivered
O00084,C0123,P020,1,2024-07-10,18.86,delivered
O00085,C0262,P025,1,2024-03-11,149.94,delivered
O00086,C0217,P012,1,2024-10-02,194.97,delivered
O00087,C0331,P012,2,2024-09-07,389.94,delivered
O00088,C0096,P021,3,2024-11-13,169.86,delivered
O00089,C0184,P001,1,2024-04-09,197.58,shipped
O00090,C0494,P036,1,2024-09-10,27.37,delivered
O00091,C0252,P027,2,2024-08-15,189.24,delivered
O00092,C0043,P037,1,2025-01-24,32.26,delivered
O00093,C0017,P018,1,2024-05-27,38.55,delivered
O00094,C0235,P037,2,2025-01-27,64.52,delivered
O00095,C0262,P008,2,2024-05-17,544.1,shipped
O00096,C0422,P024,1,2025-01-22,113.81,delivered
O00097,C0369,P029,1,2024-08-05,46.41,delivered
O00098,C0425,P016,1,2024-01-17,10.06,delivered
O00099,C0179,P006,1,2024-03-01,42.95,shipped
O00100,C0122,P014,3,2024-10-28,32.04,delivered
O00101,C0441,P028,1,2024-03-12,65.53,shipped
O00102,C0417,P014,3,2024-10-18,32.04,delivered
O00103,C0144,P039,1,2024-06-14,21.0,cancelled
O00104,C0150,P019,2,2025-03-15,74.12,delivered
O00105,C0461,P007,1,2025-01-19,484.38,shipped
O00106,C0471,P004,5,2025-03-19,2154.55,delivered
O00107,C0360,P009,1,2024-12-30,132.79,delivered
O00108,C0127,P026,1,2024-10-22,138.02,delivered
O00109,C0322,P027,1,2024-02-08,94.62,delivered
O00110,C0451,P006,1,2025-01-18,42.95,delivered
O00111,C0480,P024,1,2024-09-06,113.81,delivered
O00112,C0002,P006,2,2024-08-22,85.9,delivered
O00113,C0358,P023,3,2025-02-11,423.6,delivered
O00114,C0112,P028,3,2024-09-10,196.59,delivered
O00115,C0425,P019,1,2024-10-22,37.06,delivered
O00116,C0437,P032,2,2024-12-15,56.26,shipped
O00117,C0024,P007,2,2025-03-04,968.76,delivered
O00118,C0064,P011,1,2024-01-01,462.28,cancelled
O00119,C0220,P013,5,2024-03-08,228.4,shipped
O00120,C0155,P011,3,2025-03-24,1386.84,delivered
O00121,C0336,P024,1,2024-07-09,113.81,delivered
O00122,C0333,P011,1,2024-11-16,462.28,delivered
O00123,C0359,P015,1,2024-02-16,43.03,delivered
O00124,C0001,P014,1,2024-03-08,10.68,delivered
O00125,C0266,P029,1,2024-12-22,46.41,delivered
O00126,C0062,P028,2,2024-09-01,131.06,delivered
O00127,C0197,P006,2,2024-02-22,85.9,delivered
O00128,C0189,P020,1,2025-01-31,18.86,shipped
O00129,C0448,P009,2,2024-12-12,265.58,delivered
O00130,C0272,P037,1,2024-11-28,32.26,delivered
O00131,C0180,P014,2,2024-03-18,21.36,pending
O00132,C0316,P029,3,2024-02-14,139.23,shipped
O00133,C0072,P008,2,2024-07-15,544.1,delivered
O00134,C0220,P021,2,2024-05-06,113.24,delivered
O00135,C0044,P016,2,2024-11-03,20.12,delivered
O00136,C0146,P002,3,2024-12-03,827.7,shipped
O00137,C0106,P034,2,2024-04-06,79.9,delivered
O00138,C0152,P004,2,2025-02-10,861.82,pending
O00139,C0254,P025,1,2024-09-12,149.94,delivered
O00140,C0037,P034,3,2024-01-07,119.85,cancelled
O00141,C0479,P021,1,2025-03-16,56.62,shipped
O00142,C0216,P024,1,2024-03-29,113.81,shipped
O00143,C0489,P005,1,2024-02-04,405.8,delivered
O00144,C0111,P003,4,2025-02-08,1707.72,delivered
O00145,C0147,P033,2,2024-08-04,86.92,delivered
O00146,C0043,P035,1,2024-03-19,34.4,delivered
O00147,C0159,P006,1,2024-04-14,42.95,cancelled
O00148,C0080,P035,1,2024-10-27,34.4,delivered
O00149,C0428,P005,1,2024-08-11,405.8,delivered
O00150,C0434,P016,1,2024-02-14,10.06,pending
O00151,C0060,P030,2,2024-01-29,52.46,delivered
O00152,C0380,P012,1,2024-12-28,194.97,delivered
O00153,C0006,P011,1,2024-06-26,462.28,delivered
O00154,C0401,P017,1,2024-03-05,17.78,delivered
O00155,C0448,P018,2,2024-03-01,77.1,shipped
O00156,C0016,P022,3,2024-05-19,411.78,delivered
O00157,C0135,P037,2,2024-09-11,64.52,delivered
O00158,C0185,P004,1,2024-10-17,430.91,delivered
O00159,C0081,P017,2,2024-10-20,35.56,delivered
O00160,C0060,P015,2,2024-01-02,86.06,delivered
O00161,C0442,P001,1,2024-08-29,197.58,delivered
O00162,C0472,P010,1,2025-03-15,175.18,delivered
O00163,C0412,P027,1,2024-05-07,94.62,delivered
O00164,C0369,P021,1,2024-02-09,56.62,delivered
O00165,C0062,P033,2,2024-01-27,86.92,delivered
O00166,C0412,P034,5,2024-07-24,199.75,delivered
O00167,C0239,P019,2,2024-06-08,74.12,delivered
O00168,C0284,P030,1,2024-04-12,26.23,delivered
O00169,C0402,P020,2,2024-05-04,37.72,delivered
O00170,C0303,P032,5,2025-02-01,140.65,delivered
O00171,C0462,P035,2,2024-05-05,68.8,delivered
O00172,C0478,P027,1,2024-10-04,94.62,delivered
O00173,C0430,P001,4,2024-01-01,790.32,shipped
O00174,C0193,P020,1,2024-09-28,18.86,cancelled
O00175,C0215,P032,4,2024-03-13,112.52,delivered
O00176,C0048,P003,4,2025-03-08,1707.72,delivered
O00177,C0359,P024,1,2025-01-17,113.81,delivered
O00178,C0049,P033,1,2025-02-23,43.46,delivered
O00179,C0304,P037,1,2024-12-05,32.26,pending
O00180,C0122,P019,1,2024-06-10,37.06,pending
O00181,C0202,P021,1,2024-05-19,56.62,delivered
O00182,C0484,P013,1,2025-01-29,45.68,delivered
O00183,C0080,P007,1,2024-08-26,484.38,delivered
O00184,C0062,P035,1,2025-01-29,34.4,delivered
O00185,C0158,P030,1,2024-03-02,26.23,delivered
O00186,C0414,P020,3,2024-12-22,56.58,delivered
O00187,C0111,P021,1,2024-12-30,56.62,delivered
O00188,C0183,P026,1,2024-12-12,138.02,delivered
O00189,C0420,P012,1,2024-07-26,194.97,shipped
O00190,C0285,P036,1,2024-08-24,27.37,delivered
O00191,C0407,P009,1,2024-02-01,132.79,shipped
O00192,C0114,P009,1,2024-07-24,132.79,delivered
O00193,C0323,P006,2,2024-05-12,85.9,pending
O00194,C0039,P002,5,2024-04-11,1379.5,pending
O00195,C0228,P009,1,2025-03-09,132.79,shipped
O00196,C0170,P008,1,2024-08-24,272.05,delivered
O00197,C0474,P037,1,2025-01-05,32.26,delivered
O00198,C0016,P025,2,2024-03-29,299.88,delivered
O00199,C0466,P012,1,2024-08-16,194.97,shipped
O00200,C0018,P016,2,2024-09-12,20.12,delivered
O00201,C0282,P031,1,2024-05-23,45.02,delivered
O00202,C0215,P013,2,2025-02-12,91.36,delivered
O00203,C0323,P035,2,2024-07-14,68.8,shipped
O00204,C0184,P031,1,2024-09-05,45.02,delivered
O00205,C0290,P033,1,2024-05-18,43.46,delivered
O00206,C0164,P039,1,2025-02-19,21.0,shipped
O00207,C0030,P031,1,2025-01-27,45.02,delivered
O00208,C0120,P011,1,2024-12-02,462.28,delivered
O00209,C0274,P004,2,2024-04-22,861.82,delivered
O00210,C0409,P025,1,2025-03-05,149.94,cancelled
O00211,C0089,P012,1,2024-06-11,194.97,shipped
O00212,C0358,P023,4,2024-01-15,564.8,delivered
O00213,C0181,P037,2,2024-10-15,64.52,pending
O00214,C0429,P032,1,2024-03-30,28.13,delivered
O00215,C0047,P004,1,2024-04-22,430.91,delivered
O00216,C0245,P001,1,2024-11-10,197.58,delivered
O00217,C0067,P022,2,2025-02-14,274.52,shipped
O00218,C0166,P004,1,2024-10-27,430.91,delivered
O00219,C0073,P008,3,2025-03-16,816.15,delivered
O00220,C0038,P024,2,2024-12-05,227.62,delivered
O00221,C0052,P022,1,2024-03-10,137.26,cancelled
O00222,C0375,P028,2,2024-09-06,131.06,delivered
O00223,C0090,P036,2,2024-11-10,54.74,shipped
O00224,C0115,P038,3,2024-07-12,39.03,delivered
O00225,C0353,P019,1,2025-01-08,37.06,delivered
O00226,C0360,P037,1,2025-01-29,32.26,pending
O00227,C0017,P012,2,2025-02-18,389.94,pending
O00228,C0114,P037,1,2024-09-11,32.26,delivered
O00229,C0382,P005,1,2024-06-12,405.8,delivered
O00230,C0454,P006,3,2024-12-09,128.85,delivered
O00231,C0454,P022,1,2024-05-15,137.26,delivered
O00232,C0355,P005,1,2025-02-06,405.8,delivered
O00233,C0001,P004,1,2025-01-10,430.91,delivered
O00234,C0086,P027,1,2024-07-12,94.62,delivered
O00235,C0193,P007,3,2025-02-07,1453.14,shipped
O00236,C0334,P015,1,2024-02-07,43.03,shipped
O00237,C0018,P019,1,2024-05-13,37.06,pending
O00238,C0038,P022,1,2024-07-11,137.26,delivered
O00239,C0039,P036,4,2024-02-17,109.48,delivered
O00240,C0315,P031,2,2024-08-08,90.04,pending
O00241,C0085,P039,3,2024-03-21,63.0,delivered
O00242,C0170,P014,5,2024-07-28,53.4,delivered
O00243,C0370,P035,1,2024-05-24,34.4,delivered
O00244,C0050,P004,1,2024-10-08,430.91,shipped
O00245,C0079,P004,1,2024-08-06,430.91,delivered
O00246,C0422,P039,1,2024-02-19,21.0,delivered
O00247,C0088,P019,5,2024-08-30,185.3,shipped
O00248,C0158,P026,1,2024-12-04,138.02,delivered
O00249,C0329,P035,1,2024-07-08,34.4,shipped
O00250,C0190,P012,1,2024-05-14,194.97,delivered
O00251,C0135,P015,3,2024-10-15,129.09,delivered
O00252,C0386,P007,1,2024-06-25,484.38,shipped
O00253,C0212,P038,1,2024-02-01,13.01,shipped
O00254,C0420,P034,1,2024-10-01,39.95,delivered
O00255,C0480,P031,2,2024-04-30,90.04,delivered
O00256,C0041,P026,4,2024-12-31,552.08,delivered
O00257,C0293,P034,3,2024-12-12,119.85,cancelled
O00258,C0076,P008,4,2024-08-17,1088.2,delivered
O00259,C0086,P014,3,2024-03-05,32.04,delivered
O00260,C0041,P028,1,2025-02-25,65.53,delivered
O00261,C0428,P039,1,2025-01-07,21.0,pending
O00262,C0035,P006,1,2024-07-22,42.95,delivered
O00263,C0439,P018,1,2025-03-23,38.55,delivered
O00264,C0359,P038,1,2024-08-02,13.01,delivered
O00265,C0077,P010,2,2024-10-25,350.36,shipped
O00266,C0482,P007,4,2024-10-15,1937.52,shipped
O00267,C0403,P019,3,2025-03-26,111.18,delivered
O00268,C0211,P017,1,2024-09-05,17.78,delivered
O00269,C0243,P003,1,2024-07-25,426.93,delivered
O00270,C0312,P026,1,2025-03-26,138.02,delivered
O00271,C0122,P004,2,2024-05-17,861.82,shipped
O00272,C0011,P022,3,2024-06-04,411.78,delivered
O00273,C0432,P032,3,2024-12-16,84.39,delivered
O00274,C0445,P015,1,2025-01-15,43.03,delivered
O00275,C0423,P021,1,2024-08-01,56.62,delivered
O00276,C0046,P013,1,2025-02-25,45.68,delivered
O00277,C0249,P034,3,2025-02-24,119.85,delivered
O00278,C0406,P011,1,2024-12-29,462.28,delivered
O00279,C0070,P034,3,2024-01-15,119.85,delivered
O00280,C0449,P013,3,2024-05-07,137.04,delivered
O00281,C0026,P024,2,2024-05-20,227.62,delivered
O00282,C0238,P033,1,2024-03-04,43.46,delivered
O00283,C0124,P024,1,2024-08-16,113.81,delivered
O00284,C0446,P031,2,2024-06-28,90.04,delivered
O00285,C0429,P017,2,2024-12-18,35.56,delivered
O00286,C0015,P025,1,2025-03-13,149.94,delivered
O00287,C0495,P014,3,2024-11-27,32.04,delivered
O00288,C0106,P018,2,2024-09-19,77.1,delivered
O00289,C0400,P001,1,2024-03-08,197.58,delivered
O00290,C0308,P001,1,2024-11-07,197.58,shipped
O00291,C0157,P018,1,2024-07-11,38.55,shipped
O00292,C0236,P017,1,2024-06-03,17.78,delivered
O00293,C0423,P026,2,2024-01-04,276.04,delivered
O00294,C0340,P024,2,2024-10-31,227.62,delivered
O00295,C0153,P007,1,2024-06-21,484.38,cancelled
O00296,C0328,P021,3,2024-05-13,169.86,delivered
O00297,C0488,P020,1,2024-09-21,18.86,shipped
O00298,C0461,P004,3,2025-02-14,1292.73,shipped
O00299,C0207,P021,2,2025-01-04,113.24,delivered
O00300,C0255,P019,1,2024-08-02,37.06,delivered
O00301,C0378,P003,2,2024-10-19,853.86,shipped
O00302,C0176,P015,2,2024-11-22,86.06,shipped
O00303,C0465,P023,1,2025-03-08,141.2,delivered
O00304,C0337,P036,1,2024-02-19,27.37,delivered
O00305,C0380,P017,2,2024-10-13,35.56,shipped
O00306,C0094,P022,2,2024-04-23,274.52,delivered
O00307,C0382,P020,1,2024-06-18,18.86,delivered
O00308,C0300,P019,1,2024-03-01,37.06,delivered
O00309,C0444,P038,2,2024-11-13,26.02,delivered
O00310,C0456,P013,1,2025-03-20,45.68,delivered
O00311,C0272,P020,1,2025-03-21,18.86,shipped
O00312,C0071,P013,1,2024-10-18,45.68,shipped
O00313,C0235,P010,1,2025-01-01,175.18,delivered
O00314,C0042,P032,1,2024-03-31,28.13,delivered
O00315,C0030,P001,1,2024-04-17,197.58,shipped
O00316,C0087,P037,2,2024-09-07,64.52,shipped
O00317,C0400,P006,1,2024-08-10,42.95,delivered
O00318,C0207,P028,4,2024-07-15,262.12,delivered
O00319,C0274,P013,2,2024-01-08,91.36,shipped
O00320,C0388,P034,1,2024-12-12,39.95,delivered
O00321,C0376,P016,1,2025-03-25,10.06,delivered
O00322,C0067,P007,1,2024-10-28,484.38,delivered
O00323,C0034,P003,1,2024-05-28,426.93,delivered
O00324,C0267,P039,1,2024-08-10,21.0,shipped
O00325,C0069,P022,5,2024-09-07,686.3,delivered
O00326,C0097,P011,4,2025-02-19,1849.12,delivered
O00327,C0117,P015,2,2024-03-08,86.06,delivered
O00328,C0012,P038,1,2024-03-04,13.01,delivered
O00329,C0334,P003,1,2024-11-23,426.93,delivered
O00330,C0274,P004,2,2024-01-25,861.82,delivered
O00331,C0335,P002,1,2024-02-29,275.9,delivered
O00332,C0195,P008,1,2024-08-30,272.05,delivered
O00333,C0106,P001,1,2024-12-04,197.58,delivered
O00334,C0267,P018,2,2024-12-24,77.1,delivered
O00335,C0426,P007,1,2024-11-12,484.38,delivered
O00336,C0059,P007,1,2024-11-07,484.38,delivered
O00337,C0135,P034,5,2024-07-02,199.75,delivered
O00338,C0152,P011,1,2024-09-11,462.28,pending
O00339,C0353,P031,1,2024-01-02,45.02,delivered
O00340,C0046,P008,3,2024-12-08,816.15,delivered
O00341,C0487,P006,2,2024-02-08,85.9,delivered
O00342,C0052,P017,2,2024-08-21,35.56,cancelled
O00343,C0152,P017,1,2024-02-21,17.78,shipped
O00344,C0448,P003,3,2024-07-03,1280.79,shipped
O00345,C0161,P028,2,2024-02-18,131.06,shipped
O00346,C0456,P003,1,2024-03-11,426.93,delivered
O00347,C0088,P022,1,2024-08-12,137.26,pending
O00348,C0138,P006,1,2024-06-24,42.95,delivered
O00349,C0206,P026,4,2024-05-19,552.08,shipped
O00350,C0354,P031,2,2024-11-28,90.04,shipped
O00351,C0086,P008,1,2025-01-06,272.05,delivered
O00352,C0483,P011,1,2024-10-29,462.28,delivered
O00353,C0292,P029,1,2024-07-13,46.41,shipped
O00354,C0314,P002,3,2025-03-26,827.7,shipped
O00355,C0499,P009,1,2024-09-06,132.79,delivered
O00356,C0211,P029,1,2024-05-13,46.41,delivered
O00357,C0007,P034,2,2024-10-22,79.9,delivered
O00358,C0115,P022,1,2024-12-18,137.26,delivered
O00359,C0049,P028,2,2024-05-07,131.06,delivered
O00360,C0340,P025,1,2025-02-27,149.94,delivered
O00361,C0314,P004,1,2024-03-21,430.91,delivered
O00362,C0241,P032,3,2024-02-08,84.39,shipped
O00363,C0165,P016,1,2024-05-22,10.06,delivered
O00364,C0115,P036,2,2024-07-25,54.74,shipped
O00365,C0041,P030,1,2024-10-20,26.23,delivered
O00366,C0439,P032,1,2024-03-01,28.13,cancelled
O00367,C0382,P002,1,2024-07-30,275.9,delivered
O00368,C0282,P001,3,2025-02-09,592.74,delivered
O00369,C0317,P020,3,2024-10-14,56.58,delivered
O00370,C0344,P030,4,2024-07-05,104.92,shipped
O00371,C0419,P015,3,2024-06-18,129.09,delivered
O00372,C0318,P039,1,2024-12-02,21.0,delivered
O00373,C0232,P008,1,2024-12-03,272.05,delivered
O00374,C0175,P023,3,2025-02-13,423.6,delivered
O00375,C0268,P024,2,2024-01-24,227.62,shipped
O00376,C0253,P009,3,2025-01-15,398.37,delivered
O00377,C0055,P017,2,2024-04-06,35.56,delivered
O00378,C0437,P026,1,2025-02-26,138.02,shipped
O00379,C0367,P022,1,2024-07-31,137.26,delivered
O00380,C0325,P038,1,2024-08-18,13.01,delivered
O00381,C0302,P033,1,2024-09-12,43.46,delivered
O00382,C0377,P004,2,2024-08-09,861.82,shipped
O00383,C0248,P033,2,2024-03-31,86.92,delivered
O00384,C0089,P009,1,2024-12-02,132.79,delivered
O00385,C0452,P021,1,2024-07-15,56.62,delivered
O00386,C0312,P016,1,2024-06-24,10.06,cancelled
O00387,C0232,P009,1,2024-11-04,132.79,delivered
O00388,C0384,P033,1,2024-12-25,43.46,delivered
O00389,C0161,P036,2,2024-04-12,54.74,delivered
O00390,C0366,P019,2,2024-12-10,74.12,delivered
O00391,C0364,P012,1,2024-12-21,194.97,delivered
O00392,C0364,P008,2,2024-10-14,544.1,delivered
O00393,C0293,P027,2,2025-03-06,189.24,delivered
O00394,C0450,P028,3,2024-09-24,196.59,delivered
O00395,C0196,P010,1,2024-01-29,175.18,delivered
O00396,C0385,P011,5,2024-12-15,2311.4,delivered
O00397,C0430,P004,2,2024-05-31,861.82,delivered
O00398,C0278,P003,1,2024-08-19,426.93,delivered
O00399,C0445,P036,3,2025-01-15,82.11,delivered
O00400,C0200,P016,1,2025-02-11,10.06,shipped
O00401,C0148,P004,4,2024-07-17,1723.64,delivered
O00402,C0404,P021,4,2024-01-28,226.48,delivered
O00403,C0129,P013,2,2025-02-03,91.36,shipped
O00404,C0227,P015,4,2024-12-26,172.12,delivered
O00405,C0189,P038,1,2024-11-04,13.01,delivered
O00406,C0372,P013,1,2024-03-31,45.68,cancelled
O00407,C0039,P012,4,2025-01-11,779.88,delivered
O00408,C0194,P003,1,2024-10-11,426.93,delivered
O00409,C0083,P038,3,2024-01-03,39.03,delivered
O00410,C0364,P010,1,2024-06-14,175.18,delivered
O00411,C0397,P020,1,2024-10-20,18.86,delivered
O00412,C0038,P021,1,2024-04-04,56.62,delivered
O00413,C0403,P033,1,2024-10-05,43.46,delivered
O00414,C0048,P023,1,2024-04-19,141.2,delivered
O00415,C0170,P024,1,2025-01-20,113.81,delivered
O00416,C0244,P036,3,2024-11-28,82.11,delivered
O00417,C0343,P023,1,2024-11-24,141.2,delivered
O00418,C0319,P016,4,2024-12-15,40.24,shipped
O00419,C0196,P008,1,2024-10-03,272.05,delivered
O00420,C0013,P034,3,2024-07-10,119.85,delivered
O00421,C0261,P029,1,2024-05-31,46.41,shipped
O00422,C0099,P021,1,2024-02-19,56.62,delivered
O00423,C0490,P035,1,2024-11-16,34.4,delivered
O00424,C0344,P014,3,2024-08-05,32.04,shipped
O00425,C0106,P035,3,2025-03-25,103.2,cancelled
O00426,C0397,P028,2,2024-02-06,131.06,delivered
O00427,C0079,P002,1,2024-06-18,275.9,delivered
O00428,C0038,P004,1,2024-05-08,430.91,delivered
O00429,C0295,P015,4,2024-07-27,172.12,delivered
O00430,C0323,P026,1,2024-01-09,138.02,delivered
O00431,C0061,P035,1,2025-01-03,34.4,delivered
O00432,C0388,P038,1,2025-03-10,13.01,delivered
O00433,C0476,P033,1,2025-02-06,43.46,delivered
O00434,C0311,P006,1,2024-08-12,42.95,delivered
O00435,C0421,P002,1,2024-09-30,275.9,delivered
O00436,C0383,P026,2,2025-03-10,276.04,delivered
O00437,C0492,P010,1,2025-02-11,175.18,shipped
O00438,C0332,P024,4,2024-01-06,455.24,delivered
O00439,C0285,P010,1,2024-01-03,175.18,delivered
O00440,C0202,P035,1,2024-02-13,34.4,delivered
O00441,C0384,P023,1,2024-11-26,141.2,shipped
O00442,C0073,P011,1,2024-11-11,462.28,shipped
O00443,C0100,P008,1,2025-02-13,272.05,delivered
O00444,C0028,P036,1,2024-10-08,27.37,delivered
O00445,C0344,P005,1,2024-04-11,405.8,delivered
O00446,C0250,P022,1,2024-12-09,137.26,delivered
O00447,C0052,P019,2,2024-04-09,74.12,delivered
O00448,C0231,P022,2,2024-06-05,274.52,delivered
O00449,C0079,P037,2,2025-02-17,64.52,delivered
O00450,C0220,P011,1,2024-05-06,462.28,shipped
O00451,C0365,P028,1,2024-07-03,65.53,delivered
O00452,C0376,P022,3,2024-08-24,411.78,delivered
O00453,C0397,P020,1,2024-02-25,18.86,delivered
O00454,C0311,P006,3,2025-03-15,128.85,shipped
O00455,C0457,P035,1,2025-01-10,34.4,shipped
O00456,C0040,P005,3,2025-03-10,1217.4,delivered
O00457,C0016,P038,2,2025-01-28,26.02,delivered
O00458,C0465,P003,2,2024-10-05,853.86,shipped
O00459,C0277,P031,2,2024-03-17,90.04,delivered
O00460,C0115,P038,2,2024-05-28,26.02,delivered
O00461,C0257,P033,1,2024-07-05,43.46,delivered
O00462,C0340,P016,3,2025-02-16,30.18,cancelled
O00463,C0351,P011,2,2024-03-12,924.56,delivered
O00464,C0092,P037,4,2024-12-03,129.04,shipped
O00465,C0075,P031,4,2024-01-21,180.08,delivered
O00466,C0250,P015,1,2024-07-08,43.03,delivered
O00467,C0343,P014,1,2025-02-09,10.68,delivered
O00468,C0241,P030,3,2024-01-21,78.69,cancelled
O00469,C0166,P007,2,2024-09-23,968.76,delivered
O00470,C0141,P017,2,2024-10-18,35.56,delivered
O00471,C0335,P025,1,2024-11-30,149.94,shipped
O00472,C0040,P034,1,2024-04-24,39.95,delivered
O00473,C0181,P023,1,2024-09-03,141.2,shipped
O00474,C0004,P033,3,2024-08-13,130.38,delivered
O00475,C0040,P033,2,2024-04-18,86.92,delivered
O00476,C0081,P024,2,2025-02-22,227.62,delivered
O00477,C0118,P027,3,2025-01-03,283.86,delivered
O00478,C0346,P031,1,2024-10-29,45.02,delivered
O00479,C0427,P027,1,2024-01-23,94.62,delivered
O00480,C0304,P011,1,2024-09-19,462.28,delivered
O00481,C0294,P010,1,2024-05-12,175.18,pending
O00482,C0265,P026,2,2024-10-15,276.04,delivered
O00483,C0450,P019,4,2024-04-20,148.24,delivered
O00484,C0242,P031,1,2025-03-01,45.02,delivered
O00485,C0074,P038,3,2024-04-03,39.03,delivered
O00486,C0262,P017,1,2024-12-17,17.78,delivered
O00487,C0233,P039,2,2024-04-27,42.0,delivered
O00488,C0068,P007,1,2024-09-24,484.38,shipped
O00489,C0259,P027,3,2024-11-06,283.86,delivered
O00490,C0244,P039,1,2025-02-05,21.0,delivered
O00491,C0386,P008,1,2024-12-03,272.05,delivered
O00492,C0309,P035,3,2025-01-31,103.2,delivered
O00493,C0221,P034,1,2025-03-23,39.95,delivered
O00494,C0272,P028,1,2025-02-14,65.53,delivered
O00495,C0394,P025,1,2025-02-15,149.94,delivered
O00496,C0390,P037,1,2024-03-09,32.26,delivered
O00497,C0393,P015,4,2024-02-12,172.12,delivered
O00498,C0449,P035,1,2024-04-06,34.4,delivered
O00499,C0381,P001,2,2024-03-01,395.16,delivered
O00500,C0193,P014,2,2024-06-10,21.36,delivered
O00501,C0055,P010,1,2024-10-26,175.18,delivered
O00502,C0438,P035,1,2024-07-06,34.4,delivered
O00503,C0349,P026,2,2024-07-30,276.04,delivered
O00504,C0286,P031,1,2024-10-13,45.02,delivered
O00505,C0130,P020,2,2025-01-31,37.72,delivered
O00506,C0377,P009,3,2024-12-03,398.37,delivered
O00507,C0118,P029,2,2024-03-23,92.82,delivered
O00508,C0261,P026,2,2025-02-14,276.04,delivered
O00509,C0357,P004,1,2024-11-21,430.91,delivered
O00510,C0047,P010,1,2024-11-03,175.18,delivered
O00511,C0033,P017,1,2024-02-10,17.78,delivered
O00512,C0371,P025,4,2024-07-24,599.76,delivered
O00513,C0267,P019,2,2024-11-01,74.12,delivered
O00514,C0397,P012,2,2024-08-12,389.94,delivered
O00515,C0436,P034,1,2024-01-18,39.95,shipped
O00516,C0262,P034,2,2024-11-10,79.9,delivered
O00517,C0019,P024,1,2024-01-01,113.81,cancelled
O00518,C0045,P018,2,2024-06-29,77.1,delivered
O00519,C0208,P038,1,2024-01-08,13.01,delivered
O00520,C0036,P006,1,2025-01-06,42.95,shipped
O00521,C0469,P038,1,2025-02-21,13.01,delivered
O00522,C0311,P013,1,2024-07-25,45.68,delivered
O00523,C0134,P012,1,2024-02-24,194.97,delivered
O00524,C0258,P019,1,2024-02-29,37.06,shipped
O00525,C0490,P017,3,2025-02-20,53.34,shipped
O00526,C0129,P029,4,2024-10-15,185.64,delivered
O00527,C0125,P022,4,2024-08-22,549.04,delivered
O00528,C0460,P038,3,2024-09-03,39.03,delivered
O00529,C0035,P025,2,2024-04-22,299.88,delivered
O00530,C0118,P021,1,2024-06-29,56.62,delivered
O00531,C0005,P017,1,2024-02-17,17.78,delivered
O00532,C0384,P022,1,2024-04-01,137.26,delivered
O00533,C0182,P014,3,2024-05-17,32.04,delivered
O00534,C0383,P013,1,2024-04-12,45.68,delivered
O00535,C0124,P017,1,2024-04-13,17.78,shipped
O00536,C0429,P023,1,2024-02-24,141.2,delivered
O00537,C0041,P032,2,2025-01-26,56.26,shipped
O00538,C0491,P003,3,2024-07-09,1280.79,delivered
O00539,C0253,P037,3,2024-09-08,96.78,delivered
O00540,C0392,P033,1,2024-04-23,43.46,shipped
O00541,C0066,P004,1,2024-08-04,430.91,delivered
O00542,C0277,P003,1,2024-07-20,426.93,shipped
O00543,C0398,P012,1,2024-03-02,194.97,delivered
O00544,C0236,P021,2,2024-01-07,113.24,delivered
O00545,C0195,P038,1,2024-07-04,13.01,delivered
O00546,C0133,P012,1,2024-05-01,194.97,delivered
O00547,C0491,P022,1,2024-09-12,137.26,delivered
O00548,C0215,P024,1,2024-07-24,113.81,delivered
O00549,C0093,P037,1,2024-10-21,32.26,delivered
O00550,C0417,P007,2,2025-02-15,968.76,delivered
O00551,C0222,P025,1,2025-02-13,149.94,pending
O00552,C0077,P031,3,2024-03-31,135.06,delivered
O00553,C0069,P034,1,2024-06-10,39.95,shipped
O00554,C0154,P017,2,2024-10-17,35.56,delivered
O00555,C0051,P011,1,2025-02-20,462.28,delivered
O00556,C0430,P007,1,2024-06-20,484.38,delivered
O00557,C0185,P036,2,2025-02-18,54.74,delivered
O00558,C0011,P027,1,2025-03-20,94.62,delivered
O00559,C0311,P013,2,2024-11-28,91.36,delivered
O00560,C0090,P019,1,2024-12-10,37.06,delivered
O00561,C0397,P029,3,2024-07-14,139.23,delivered
O00562,C0238,P010,3,2024-11-23,525.54,shipped
O00563,C0173,P027,2,2024-10-19,189.24,delivered
O00564,C0465,P005,1,2024-06-24,405.8,delivered
O00565,C0163,P019,2,2024-11-05,74.12,delivered
O00566,C0139,P029,2,2024-07-04,92.82,delivered
O00567,C0267,P029,1,2024-04-04,46.41,shipped
O00568,C0065,P016,2,2025-01-15,20.12,delivered
O00569,C0041,P014,1,2024-02-22,10.68,delivered
O00570,C0480,P031,1,2024-01-14,45.02,shipped
O00571,C0269,P006,1,2024-11-12,42.95,delivered
O00572,C0336,P025,1,2024-05-06,149.94,delivered
O00573,C0227,P009,1,2025-03-05,132.79,delivered
O00574,C0018,P023,3,2024-06-15,423.6,shipped
O00575,C0240,P035,4,2024-10-07,137.6,delivered
O00576,C0497,P035,1,2024-11-01,34.4,delivered
O00577,C0384,P037,1,2024-11-23,32.26,delivered
O00578,C0159,P023,1,2024-04-26,141.2,shipped
O00579,C0227,P020,1,2024-05-13,18.86,delivered
O00580,C0006,P001,1,2025-01-23,197.58,shipped
O00581,C0177,P019,1,2024-01-05,37.06,delivered
O00582,C0252,P031,1,2025-01-27,45.02,delivered
O00583,C0150,P039,1,2024-01-04,21.0,delivered
O00584,C0097,P027,3,2024-08-11,283.86,delivered
O00585,C0084,P025,3,2024-04-22,449.82,delivered
O00586,C0217,P016,1,2025-02-13,10.06,pending
O00587,C0414,P018,1,2025-01-15,38.55,delivered
O00588,C0138,P027,1,2024-02-05,94.62,delivered
O00589,C0149,P008,2,2024-11-12,544.1,delivered
O00590,C0359,P032,1,2024-01-10,28.13,delivered
O00591,C0497,P035,1,2024-02-22,34.4,delivered
O00592,C0065,P029,2,2024-04-29,92.82,delivered
O00593,C0008,P032,1,2024-08-03,28.13,delivered
O00594,C0410,P032,5,2024-08-25,140.65,delivered
O00595,C0017,P022,1,2025-01-19,137.26,pending
O00596,C0029,P018,2,2024-02-06,77.1,delivered
O00597,C0093,P013,3,2024-05-08,137.04,shipped
O00598,C0425,P001,1,2025-01-28,197.58,delivered
O00599,C0198,P029,1,2024-01-18,46.41,delivered
O00600,C0377,P007,1,2024-04-16,484.38,delivered
O00601,C0349,P020,4,2024-03-22,75.44,delivered
O00602,C0022,P036,1,2024-05-09,27.37,delivered
O00603,C0153,P013,1,2024-01-27,45.68,shipped
O00604,C0112,P008,1,2024-08-10,272.05,delivered
O00605,C0086,P018,2,2024-07-21,77.1,shipped
O00606,C0005,P003,2,2024-12-19,853.86,delivered
O00607,C0306,P010,1,2024-02-15,175.18,delivered
O00608,C0256,P006,2,2024-06-22,85.9,pending
O00609,C0389,P004,1,2024-11-26,430.91,delivered
O00610,C0275,P007,1,2024-04-29,484.38,delivered
O00611,C0286,P023,3,2024-08-12,423.6,delivered
O00612,C0011,P025,1,2024-03-09,149.94,delivered
O00613,C0021,P032,2,2024-10-13,56.26,delivered
O00614,C0357,P032,1,2024-04-05,28.13,delivered
O00615,C0166,P030,1,2025-03-01,26.23,delivered
O00616,C0441,P036,1,2024-09-28,27.37,delivered
O00617,C0152,P017,1,2024-08-20,17.78,delivered
O00618,C0327,P033,1,2024-04-04,43.46,shipped
O00619,C0318,P024,2,2024-05-02,227.62,delivered
O00620,C0033,P035,3,2024-04-07,103.2,delivered
O00621,C0255,P036,1,2024-05-24,27.37,delivered
O00622,C0329,P021,1,2024-09-24,56.62,delivered
O00623,C0023,P009,1,2024-01-17,132.79,delivered
O00624,C0249,P013,1,2024-10-19,45.68,delivered
O00625,C0199,P032,1,2024-12-25,28.13,delivered
O00626,C0026,P024,1,2025-01-02,113.81,delivered
O00627,C0477,P014,2,2025-03-02,21.36,delivered
O00628,C0411,P004,1,2025-01-15,430.91,pending
O00629,C0213,P024,2,2024-01-30,227.62,shipped
O00630,C0137,P034,1,2024-02-06,39.95,shipped
O00631,C0040,P014,4,2024-02-19,42.72,delivered
O00632,C0119,P035,1,2024-04-08,34.4,delivered
O00633,C0128,P037,2,2024-04-01,64.52,delivered
O00634,C0286,P027,2,2025-01-27,189.24,delivered
O00635,C0184,P030,2,2024-08-06,52.46,shipped
O00636,C0086,P012,1,2024-09-15,194.97,delivered
O00637,C0081,P035,5,2024-08-14,172.0,pending
O00638,C0463,P021,2,2024-06-15,113.24,shipped
O00639,C0212,P028,3,2024-06-14,196.59,delivered
O00640,C0289,P035,1,2025-01-27,34.4,delivered
O00641,C0382,P017,1,2024-08-19,17.78,delivered
O00642,C0204,P001,2,2024-05-25,395.16,delivered
O00643,C0266,P009,5,2024-06-03,663.95,delivered
O00644,C0114,P014,3,2024-01-12,32.04,shipped
O00645,C0483,P018,4,2024-09-18,154.2,delivered
O00646,C0475,P037,1,2024-01-20,32.26,delivered
O00647,C0080,P009,1,2024-10-25,132.79,delivered
O00648,C0132,P020,1,2024-07-23,18.86,delivered
O00649,C0112,P005,2,2025-02-09,811.6,delivered
O00650,C0250,P037,3,2024-02-18,96.78,delivered
O00651,C0154,P003,2,2024-10-22,853.86,delivered
O00652,C0400,P004,4,2024-06-20,1723.64,delivered
O00653,C0419,P028,1,2025-03-20,65.53,delivered
O00654,C0395,P015,2,2025-03-10,86.06,delivered
O00655,C0006,P025,1,2024-09-25,149.94,delivered
O00656,C0277,P037,1,2024-09-14,32.26,delivered
O00657,C0079,P004,2,2024-07-20,861.82,cancelled
O00658,C0386,P039,2,2024-02-16,42.0,delivered
O00659,C0149,P026,1,2024-06-21,138.02,delivered
O00660,C0293,P004,1,2024-05-14,430.91,delivered
O00661,C0257,P028,2,2024-03-07,131.06,shipped
O00662,C0247,P036,1,2024-07-21,27.37,delivered
O00663,C0101,P036,2,2025-01-11,54.74,delivered
O00664,C0125,P005,1,2024-08-08,405.8,delivered
O00665,C0474,P037,1,2024-12-09,32.26,delivered
O00666,C0188,P023,1,2024-06-25,141.2,delivered
O00667,C0013,P020,1,2024-06-28,18.86,delivered
O00668,C0412,P029,2,2024-08-13,92.82,delivered
O00669,C0419,P015,1,2024-07-10,43.03,delivered
O00670,C0373,P006,1,2024-01-28,42.95,delivered
O00671,C0318,P010,3,2025-02-23,525.54,delivered
O00672,C0176,P008,1,2024-08-29,272.05,delivered
O00673,C0108,P035,1,2024-10-06,34.4,delivered
O00674,C0133,P036,1,2025-01-08,27.37,cancelled
O00675,C0356,P002,1,2024-12-05,275.9,delivered
O00676,C0131,P011,1,2024-04-12,462.28,shipped
O00677,C0317,P018,1,2024-12-01,38.55,pending
O00678,C0035,P025,2,2024-12-05,299.88,shipped
O00679,C0338,P024,3,2024-01-10,341.43,delivered
O00680,C0453,P025,1,2024-07-13,149.94,delivered
O00681,C0364,P007,4,2024-09-05,1937.52,shipped
O00682,C0273,P006,1,2024-09-13,42.95,pending
O00683,C0288,P002,1,2024-09-28,275.9,delivered
O00684,C0251,P026,2,2024-01-10,276.04,delivered
O00685,C0181,P023,2,2024-04-30,282.4,cancelled
O00686,C0257,P018,3,2024-11-16,115.65,delivered
O00687,C0199,P002,4,2024-05-23,1103.6,delivered
O00688,C0175,P026,2,2024-02-14,276.04,delivered
O00689,C0267,P015,1,2024-10-20,43.03,delivered
O00690,C0497,P020,4,2024-06-17,75.44,delivered
O00691,C0068,P014,2,2024-10-24,21.36,delivered
O00692,C0410,P013,3,2024-06-07,137.04,delivered
O00693,C0461,P034,4,2024-08-08,159.8,cancelled
O00694,C0500,P010,2,2024-10-16,350.36,pending
O00695,C0163,P005,2,2025-01-03,811.6,delivered
O00696,C0163,P010,2,2025-01-26,350.36,delivered
O00697,C0499,P027,4,2024-06-04,378.48,delivered
O00698,C0479,P018,1,2024-04-06,38.55,delivered
O00699,C0095,P002,2,2024-11-09,551.8,delivered
O00700,C0311,P037,2,2024-11-01,64.52,delivered
O00701,C0352,P002,1,2024-12-18,275.9,shipped
O00702,C0069,P033,3,2024-08-28,130.38,delivered
O00703,C0192,P012,3,2024-09-08,584.91,delivered
O00704,C0084,P013,1,2024-07-28,45.68,shipped
O00705,C0008,P018,4,2024-04-23,154.2,delivered
O00706,C0104,P014,1,2024-08-12,10.68,shipped
O00707,C0251,P021,3,2024-05-06,169.86,delivered
O00708,C0398,P003,2,2025-02-26,853.86,delivered
O00709,C0161,P026,2,2025-01-15,276.04,delivered
O00710,C0275,P034,2,2024-12-26,79.9,shipped
O00711,C0267,P007,1,2025-02-27,484.38,shipped
O00712,C0450,P016,1,2024-07-21,10.06,cancelled
O00713,C0021,P036,1,2025-01-26,27.37,delivered
O00714,C0026,P013,1,2024-07-22,45.68,shipped
O00715,C0397,P019,1,2024-08-04,37.06,delivered
O00716,C0471,P004,2,2024-03-13,861.82,delivered
O00717,C0331,P029,1,2024-09-13,46.41,delivered
O00718,C0399,P038,4,2024-12-22,52.04,delivered
O00719,C0202,P027,1,2024-01-13,94.62,delivered
O00720,C0303,P013,3,2024-02-16,137.04,delivered
O00721,C0355,P011,2,2024-03-04,924.56,delivered
O00722,C0362,P029,2,2024-02-13,92.82,delivered
O00723,C0197,P033,2,2024-03-22,86.92,delivered
O00724,C0195,P003,2,2024-06-20,853.86,delivered
O00725,C0338,P010,1,2024-03-15,175.18,delivered
O00726,C0365,P004,1,2024-06-07,430.91,delivered
O00727,C0493,P029,1,2024-04-02,46.41,delivered
O00728,C0068,P013,1,2025-01-26,45.68,delivered
O00729,C0235,P032,3,2024-10-05,84.39,shipped
O00730,C0312,P032,1,2024-10-28,28.13,delivered
O00731,C0233,P027,1,2024-11-03,94.62,delivered
O00732,C0126,P036,1,2024-11-17,27.37,delivered
O00733,C0423,P014,1,2024-03-16,10.68,delivered
O00734,C0179,P003,1,2024-01-17,426.93,delivered
O00735,C0430,P039,1,2024-02-14,21.0,delivered
O00736,C0214,P012,1,2024-05-25,194.97,delivered
O00737,C0355,P039,2,2024-10-14,42.0,delivered
O00738,C0234,P038,1,2024-01-19,13.01,delivered
O00739,C0154,P021,1,2024-07-13,56.62,shipped
O00740,C0389,P028,3,2024-02-03,196.59,delivered
O00741,C0069,P008,2,2024-05-20,544.1,delivered
O00742,C0212,P034,1,2024-04-17,39.95,delivered
O00743,C0056,P037,2,2024-11-18,64.52,delivered
O00744,C0045,P031,2,2024-11-05,90.04,pending
O00745,C0362,P019,1,2025-03-10,37.06,delivered
O00746,C0270,P037,5,2024-06-30,161.3,pending
O00747,C0315,P037,1,2025-01-08,32.26,delivered
O00748,C0253,P012,3,2024-04-29,584.91,delivered
O00749,C0100,P001,1,2024-08-26,197.58,delivered
O00750,C0061,P014,2,2024-07-31,21.36,delivered
O00751,C0171,P023,2,2024-11-22,282.4,delivered
O00752,C0328,P013,2,2024-05-10,91.36,shipped
O00753,C0158,P020,1,2024-06-14,18.86,shipped
O00754,C0059,P022,1,2025-01-05,137.26,delivered
O00755,C0492,P002,3,2024-04-09,827.7,delivered
O00756,C0174,P031,4,2025-02-12,180.08,delivered
O00757,C0070,P031,1,2024-08-23,45.02,shipped
O00758,C0275,P022,1,2025-02-20,137.26,delivered
O00759,C0381,P004,3,2024-06-02,1292.73,delivered
O00760,C0348,P021,2,2024-01-10,113.24,delivered
O00761,C0351,P022,2,2025-02-11,274.52,delivered
O00762,C0497,P010,1,2024-01-16,175.18,delivered
O00763,C0193,P035,3,2024-10-19,103.2,delivered
O00764,C0096,P039,1,2025-02-04,21.0,shipped
O00765,C0362,P021,2,2024-05-19,113.24,delivered
O00766,C0255,P016,1,2025-02-28,10.06,pending
O00767,C0111,P034,1,2024-02-27,39.95,delivered
O00768,C0020,P013,4,2024-08-15,182.72,delivered
O00769,C0410,P031,4,2024-03-19,180.08,delivered
O00770,C0473,P031,2,2024-09-25,90.04,delivered
O00771,C0168,P010,2,2024-02-20,350.36,shipped
O00772,C0481,P034,2,2024-03-08,79.9,delivered
O00773,C0019,P030,1,2025-03-18,26.23,delivered
O00774,C0003,P020,4,2024-12-17,75.44,shipped
O00775,C0447,P006,1,2024-01-24,42.95,delivered
O00776,C0393,P020,1,2025-01-23,18.86,delivered
O00777,C0457,P014,1,2024-04-08,10.68,delivered
O00778,C0273,P021,2,2024-12-09,113.24,delivered
O00779,C0077,P011,1,2024-01-08,462.28,pending
O00780,C0287,P033,1,2024-10-04,43.46,delivered
O00781,C0164,P018,1,2024-12-26,38.55,shipped
O00782,C0294,P016,1,2024-06-08,10.06,delivered
O00783,C0174,P035,1,2024-03-07,34.4,delivered
O00784,C0463,P004,1,2024-01-28,430.91,delivered
O00785,C0201,P012,2,2024-10-30,389.94,delivered
O00786,C0354,P029,2,2024-06-08,92.82,delivered
O00787,C0102,P035,1,2025-01-21,34.4,shipped
O00788,C0291,P009,1,2025-02-14,132.79,pending
O00789,C0240,P007,1,2024-12-16,484.38,delivered
O00790,C0393,P030,1,2024-04-24,26.23,delivered
O00791,C0459,P017,4,2024-07-19,71.12,delivered
O00792,C0470,P022,2,2024-06-15,274.52,delivered
O00793,C0016,P005,1,2024-06-28,405.8,delivered
O00794,C0434,P011,1,2024-06-27,462.28,delivered
O00795,C0066,P033,1,2025-02-22,43.46,delivered
O00796,C0055,P021,2,2024-02-06,113.24,shipped
O00797,C0273,P030,1,2024-07-30,26.23,delivered
O00798,C0125,P036,1,2024-09-03,27.37,delivered
O00799,C0175,P014,3,2024-10-29,32.04,delivered
O00800,C0223,P037,2,2024-10-05,64.52,delivered
O00801,C0089,P005,2,2024-12-30,811.6,delivered
O00802,C0250,P008,2,2024-08-25,544.1,delivered
O00803,C0050,P029,1,2024-07-26,46.41,delivered
O00804,C0056,P039,2,2024-07-13,42.0,delivered
O00805,C0331,P004,1,2025-02-22,430.91,delivered
O00806,C0298,P001,2,2024-12-04,395.16,delivered
O00807,C0273,P019,1,2024-10-22,37.06,delivered
O00808,C0106,P021,1,2025-02-10,56.62,pending
O00809,C0156,P028,2,2024-06-25,131.06,cancelled
O00810,C0299,P001,2,2024-09-18,395.16,delivered
O00811,C0066,P019,1,2024-10-08,37.06,pending
O00812,C0001,P036,3,2024-07-02,82.11,delivered
O00813,C0145,P002,1,2024-12-25,275.9,delivered
O00814,C0321,P021,2,2024-07-26,113.24,delivered
O00815,C0280,P014,2,2024-08-31,21.36,delivered
O00816,C0285,P025,3,2024-07-03,449.82,shipped
O00817,C0079,P019,5,2024-12-09,185.3,delivered
O00818,C0006,P005,2,2024-03-14,811.6,delivered
O00819,C0250,P028,5,2024-03-10,327.65,delivered
O00820,C0329,P027,3,2025-02-07,283.86,delivered
O00821,C0477,P028,2,2024-08-20,131.06,delivered
O00822,C0283,P029,1,2024-04-25,46.41,delivered
O00823,C0310,P001,2,2025-03-09,395.16,delivered
O00824,C0365,P033,1,2024-10-06,43.46,delivered
O00825,C0018,P003,2,2024-12-26,853.86,delivered
O00826,C0298,P031,4,2024-02-10,180.08,delivered
O00827,C0375,P034,5,2025-01-19,199.75,shipped
O00828,C0239,P034,1,2024-11-08,39.95,delivered
O00829,C0242,P005,2,2024-10-03,811.6,shipped
O00830,C0160,P004,4,2024-09-30,1723.64,shipped
O00831,C0241,P030,1,2024-08-28,26.23,delivered
O00832,C0170,P027,1,2025-02-12,94.62,delivered
O00833,C0086,P003,2,2024-11-01,853.86,delivered
O00834,C0373,P037,1,2024-11-18,32.26,delivered
O00835,C0087,P037,1,2024-05-29,32.26,shipped
O00836,C0320,P002,1,2024-02-12,275.9,delivered
O00837,C0040,P018,1,2024-11-11,38.55,delivered
O00838,C0440,P017,1,2024-02-27,17.78,delivered
O00839,C0466,P038,2,2024-12-03,26.02,delivered
O00840,C0414,P012,1,2024-12-24,194.97,delivered
O00841,C0093,P034,3,2024-06-24,119.85,cancelled
O00842,C0496,P010,2,2025-02-24,350.36,delivered
O00843,C0254,P027,2,2024-05-01,189.24,delivered
O00844,C0372,P011,1,2025-01-10,462.28,shipped
O00845,C0028,P017,2,2024-02-29,35.56,delivered
O00846,C0238,P026,1,2024-08-31,138.02,delivered
O00847,C0386,P035,1,2024-12-15,34.4,delivered
O00848,C0243,P017,1,2025-03-21,17.78,delivered
O00849,C0148,P029,1,2024-06-10,46.41,pending
O00850,C0350,P003,1,2024-09-29,426.93,delivered
O00851,C0490,P028,2,2024-11-29,131.06,shipped
O00852,C0172,P018,1,2024-02-20,38.55,delivered
O00853,C0300,P026,1,2024-12-11,138.02,delivered
O00854,C0376,P038,2,2024-09-23,26.02,delivered
O00855,C0354,P012,1,2024-01-06,194.97,delivered
O00856,C0426,P005,1,2024-02-20,405.8,delivered
O00857,C0351,P029,1,2025-01-06,46.41,delivered
O00858,C0099,P003,1,2024-02-17,426.93,delivered
O00859,C0305,P014,4,2024-11-22,42.72,delivered
O00860,C0491,P008,1,2024-11-05,272.05,delivered
O00861,C0337,P037,3,2024-04-04,96.78,shipped
O00862,C0357,P012,1,2024-08-27,194.97,delivered
O00863,C0039,P030,4,2024-05-21,104.92,shipped
O00864,C0355,P021,1,2025-02-03,56.62,delivered
O00865,C0398,P004,1,2024-06-19,430.91,cancelled
O00866,C0133,P017,1,2024-02-05,17.78,delivered
O00867,C0476,P013,2,2024-04-01,91.36,delivered
O00868,C0056,P010,1,2024-08-08,175.18,delivered
O00869,C0330,P007,4,2025-01-01,1937.52,delivered
O00870,C0018,P005,1,2025-01-07,405.8,delivered
O00871,C0229,P002,3,2024-03-17,827.7,delivered
O00872,C0001,P003,2,2024-05-16,853.86,delivered
O00873,C0169,P026,2,2024-09-20,276.04,delivered
O00874,C0395,P032,1,2024-07-25,28.13,shipped
O00875,C0400,P005,1,2024-01-02,405.8,delivered
O00876,C0353,P031,1,2024-10-01,45.02,pending
O00877,C0184,P022,2,2024-07-24,274.52,delivered
O00878,C0491,P006,1,2025-03-12,42.95,pending
O00879,C0042,P030,2,2024-05-28,52.46,delivered
O00880,C0091,P036,1,2024-07-15,27.37,delivered
O00881,C0154,P025,3,2024-11-18,449.82,delivered
O00882,C0250,P006,3,2024-08-12,128.85,delivered
O00883,C0072,P003,1,2025-01-03,426.93,cancelled
O00884,C0123,P032,1,2025-02-09,28.13,delivered
O00885,C0158,P032,1,2025-03-03,28.13,shipped
O00886,C0495,P002,1,2024-01-29,275.9,delivered
O00887,C0370,P003,1,2024-04-18,426.93,shipped
O00888,C0342,P034,1,2024-12-13,39.95,shipped
O00889,C0275,P010,2,2024-04-29,350.36,pending
O00890,C0019,P010,1,2024-01-10,175.18,delivered
O00891,C0471,P003,1,2024-11-28,426.93,delivered
O00892,C0089,P004,4,2025-02-24,1723.64,shipped
O00893,C0234,P011,3,2024-02-02,1386.84,shipped
O00894,C0055,P008,1,2025-02-13,272.05,delivered
O00895,C0033,P013,1,2025-02-19,45.68,shipped
O00896,C0378,P026,1,2024-12-16,138.02,delivered
O00897,C0071,P021,3,2025-02-10,169.86,delivered
O00898,C0024,P038,1,2024-02-02,13.01,delivered
O00899,C0073,P027,1,2024-07-08,94.62,delivered
O00900,C0225,P016,4,2024-01-21,40.24,delivered
O00901,C0406,P025,2,2024-01-09,299.88,shipped
O00902,C0042,P001,1,2024-02-15,197.58,delivered
O00903,C0304,P019,1,2025-02-17,37.06,shipped
O00904,C0244,P009,1,2024-11-23,132.79,delivered
O00905,C0231,P027,1,2024-03-30,94.62,delivered
O00906,C0020,P039,1,2024-09-12,21.0,delivered
O00907,C0046,P020,1,2024-01-03,18.86,delivered
O00908,C0099,P008,5,2024-02-18,1360.25,delivered
O00909,C0442,P035,1,2024-08-25,34.4,shipped
O00910,C0338,P014,1,2024-04-09,10.68,delivered
O00911,C0077,P031,1,2024-03-22,45.02,delivered
O00912,C0023,P004,2,2024-05-25,861.82,delivered
O00913,C0129,P022,2,2025-01-23,274.52,delivered
O00914,C0054,P004,4,2024-03-31,1723.64,delivered
O00915,C0015,P032,1,2024-02-06,28.13,shipped
O00916,C0370,P029,2,2024-06-15,92.82,delivered
O00917,C0383,P021,1,2024-02-26,56.62,delivered
O00918,C0051,P016,2,2025-03-21,20.12,delivered
O00919,C0457,P015,1,2024-10-26,43.03,delivered
O00920,C0456,P028,1,2024-11-08,65.53,delivered
O00921,C0199,P024,1,2025-01-03,113.81,delivered
O00922,C0184,P018,1,2024-03-06,38.55,delivered
O00923,C0292,P004,1,2024-02-26,430.91,shipped
O00924,C0235,P027,1,2024-06-24,94.62,delivered
O00925,C0152,P039,1,2025-02-10,21.0,delivered
O00926,C0314,P011,2,2024-10-10,924.56,shipped
O00927,C0045,P027,3,2024-09-07,283.86,shipped
O00928,C0111,P038,1,2024-08-24,13.01,delivered
O00929,C0374,P028,2,2024-05-06,131.06,delivered
O00930,C0223,P038,1,2024-10-29,13.01,pending
O00931,C0468,P037,3,2024-08-01,96.78,cancelled
O00932,C0021,P031,2,2024-09-15,90.04,delivered
O00933,C0272,P026,1,2025-02-12,138.02,delivered
O00934,C0051,P029,1,2024-02-12,46.41,delivered
O00935,C0007,P027,4,2024-03-08,378.48,delivered
O00936,C0123,P006,1,2024-12-08,42.95,delivered
O00937,C0361,P030,3,2025-01-17,78.69,delivered
O00938,C0500,P030,1,2024-03-11,26.23,shipped
O00939,C0208,P012,2,2024-07-08,389.94,delivered
O00940,C0361,P001,3,2024-02-06,592.74,delivered
O00941,C0354,P022,1,2024-05-31,137.26,delivered
O00942,C0139,P035,2,2024-04-16,68.8,shipped
O00943,C0042,P022,2,2024-01-29,274.52,delivered
O00944,C0466,P024,3,2024-02-26,341.43,delivered
O00945,C0239,P003,1,2024-03-30,426.93,delivered
O00946,C0361,P005,2,2025-01-31,811.6,delivered
O00947,C0172,P016,1,2024-11-28,10.06,delivered
O00948,C0481,P038,3,2024-12-25,39.03,delivered
O00949,C0382,P015,1,2024-05-16,43.03,delivered
O00950,C0217,P018,1,2024-07-09,38.55,delivered
O00951,C0249,P033,1,2024-03-03,43.46,delivered
O00952,C0273,P035,3,2024-08-19,103.2,delivered
O00953,C0410,P005,1,2024-08-22,405.8,delivered
O00954,C0201,P012,1,2024-02-09,194.97,delivered
O00955,C0142,P008,2,2024-09-11,544.1,delivered
O00956,C0105,P034,4,2024-01-12,159.8,delivered
O00957,C0497,P035,4,2024-08-30,137.6,delivered
O00958,C0228,P002,1,2024-02-02,275.9,delivered
O00959,C0411,P015,3,2024-09-23,129.09,delivered
O00960,C0211,P038,1,2024-11-26,13.01,shipped
O00961,C0249,P038,2,2024-09-28,26.02,shipped
O00962,C0228,P030,1,2024-03-08,26.23,shipped
O00963,C0157,P011,2,2024-04-26,924.56,delivered
O00964,C0498,P019,2,2024-01-25,74.12,delivered
O00965,C0146,P030,4,2024-11-12,104.92,pending
O00966,C0365,P035,1,2024-03-30,34.4,shipped
O00967,C0355,P010,1,2024-02-29,175.18,delivered
O00968,C0163,P037,1,2024-05-13,32.26,delivered
O00969,C0106,P036,2,2024-12-06,54.74,delivered
O00970,C0177,P010,1,2024-10-03,175.18,cancelled
O00971,C0274,P020,1,2024-01-13,18.86,delivered
O00972,C0256,P010,4,2024-06-12,700.72,delivered
O00973,C0497,P035,5,2024-06-18,172.0,delivered
O00974,C0152,P031,3,2025-01-21,135.06,cancelled
O00975,C0294,P010,2,2025-01-08,350.36,pending
O00976,C0227,P022,2,2025-01-09,274.52,delivered
O00977,C0021,P009,2,2024-02-29,265.58,delivered
O00978,C0206,P015,1,2024-02-17,43.03,delivered
O00979,C0312,P013,2,2024-04-23,91.36,shipped
O00980,C0393,P018,1,2024-02-12,38.55,delivered
O00981,C0229,P006,5,2024-07-20,214.75,delivered
O00982,C0163,P039,2,2024-01-29,42.0,pending
O00983,C0185,P026,1,2025-03-13,138.02,delivered
O00984,C0198,P024,1,2024-06-25,113.81,delivered
O00985,C0229,P036,1,2025-01-07,27.37,shipped
O00986,C0380,P027,3,2024-05-27,283.86,delivered
O00987,C0373,P028,2,2024-07-31,131.06,delivered
O00988,C0301,P039,1,2024-04-16,21.0,delivered
O00989,C0445,P034,5,2024-02-03,199.75,pending
O00990,C0303,P025,1,2024-07-28,149.94,delivered
O00991,C0140,P027,1,2024-08-24,94.62,delivered
O00992,C0387,P009,1,2025-03-02,132.79,delivered
O00993,C0284,P032,1,2025-02-27,28.13,delivered
O00994,C0300,P020,1,2025-01-13,18.86,delivered
O00995,C0014,P001,1,2024-06-02,197.58,pending
O00996,C0428,P031,1,2024-12-06,45.02,shipped
O00997,C0214,P012,1,2024-12-18,194.97,delivered
O00998,C0015,P008,2,2024-09-09,544.1,cancelled
O00999,C0035,P039,2,2024-10-24,42.0,delivered
O01000,C0224,P017,2,2024-08-31,35.56,cancelled
O01001,C0419,P008,1,2025-01-10,272.05,delivered
O01002,C0433,P017,1,2024-01-30,17.78,delivered
O01003,C0237,P009,1,2024-01-28,132.79,delivered
O01004,C0215,P023,1,2024-05-29,141.2,delivered
O01005,C0480,P005,1,2025-01-27,405.8,delivered
O01006,C0392,P007,2,2024-03-26,968.76,delivered
O01007,C0447,P021,3,2024-12-16,169.86,shipped
O01008,C0139,P024,1,2024-10-23,113.81,delivered
O01009,C0074,P001,1,2024-05-24,197.58,delivered
O01010,C0249,P027,1,2024-03-24,94.62,delivered
O01011,C0080,P033,1,2024-04-06,43.46,shipped
O01012,C0287,P034,3,2024-12-30,119.85,delivered
O01013,C0388,P008,1,2024-02-09,272.05,delivered
O01014,C0068,P002,1,2024-06-08,275.9,delivered
O01015,C0072,P029,3,2024-11-01,139.23,delivered
O01016,C0497,P022,1,2024-06-04,137.26,delivered
O01017,C0418,P008,1,2025-03-14,272.05,delivered
O01018,C0353,P015,1,2024-04-17,43.03,delivered
O01019,C0041,P028,2,2025-02-05,131.06,delivered
O01020,C0010,P031,2,2024-01-22,90.04,delivered
O01021,C0017,P033,2,2024-08-28,86.92,delivered
O01022,C0130,P003,1,2024-12-07,426.93,delivered
O01023,C0050,P008,4,2024-04-15,1088.2,delivered
O01024,C0103,P012,2,2024-01-15,389.94,delivered
O01025,C0434,P018,4,2024-06-27,154.2,delivered
O01026,C0438,P033,2,2024-11-09,86.92,delivered
O01027,C0292,P005,1,2024-10-23,405.8,shipped
O01028,C0271,P014,2,2024-05-24,21.36,delivered
O01029,C0387,P035,1,2025-01-06,34.4,delivered
O01030,C0110,P033,3,2024-08-31,130.38,delivered
O01031,C0302,P012,1,2024-02-24,194.97,delivered
O01032,C0182,P025,1,2024-09-20,149.94,delivered
O01033,C0058,P021,1,2024-02-26,56.62,delivered
O01034,C0254,P024,2,2024-10-12,227.62,delivered
O01035,C0043,P021,1,2024-07-16,56.62,delivered
O01036,C0308,P020,2,2025-03-06,37.72,delivered
O01037,C0284,P027,1,2025-03-13,94.62,delivered
O01038,C0439,P005,3,2025-02-14,1217.4,delivered
O01039,C0348,P024,1,2024-12-11,113.81,delivered
O01040,C0054,P026,1,2024-12-03,138.02,delivered
O01041,C0062,P010,1,2024-12-21,175.18,delivered
O01042,C0053,P011,1,2024-04-11,462.28,delivered
O01043,C0305,P026,1,2025-03-05,138.02,delivered
O01044,C0256,P018,2,2025-01-27,77.1,delivered
O01045,C0140,P026,1,2024-12-07,138.02,delivered
O01046,C0208,P032,1,2024-03-16,28.13,shipped
O01047,C0056,P008,1,2024-09-11,272.05,delivered
O01048,C0483,P009,1,2025-01-12,132.79,delivered
O01049,C0035,P032,2,2024-04-01,56.26,delivered
O01050,C0348,P021,1,2024-11-14,56.62,delivered
O01051,C0390,P005,2,2024-09-23,811.6,shipped
O01052,C0406,P030,1,2024-12-04,26.23,delivered
O01053,C0259,P017,1,2025-02-18,17.78,shipped
O01054,C0280,P002,4,2024-01-17,1103.6,cancelled
O01055,C0451,P008,1,2024-06-10,272.05,shipped
O01056,C0227,P030,1,2024-03-31,26.23,delivered
O01057,C0441,P020,3,2024-03-25,56.58,delivered
O01058,C0069,P020,2,2024-09-06,37.72,shipped
O01059,C0292,P032,2,2024-12-16,56.26,delivered
O01060,C0241,P031,2,2024-03-21,90.04,delivered
O01061,C0201,P017,1,2024-07-12,17.78,delivered
O01062,C0181,P019,1,2024-01-15,37.06,delivered
O01063,C0066,P024,1,2025-01-14,113.81,delivered
O01064,C0392,P022,1,2024-08-07,137.26,delivered
O01065,C0183,P027,1,2024-12-04,94.62,delivered
O01066,C0121,P020,2,2024-12-18,37.72,delivered
O01067,C0157,P008,1,2024-01-11,272.05,delivered
O01068,C0020,P030,2,2024-08-04,52.46,delivered
O01069,C0462,P027,1,2024-12-22,94.62,delivered
O01070,C0012,P021,1,2024-07-18,56.62,delivered
O01071,C0051,P032,1,2024-12-11,28.13,delivered
O01072,C0255,P033,3,2024-12-07,130.38,delivered
O01073,C0315,P020,1,2024-08-11,18.86,delivered
O01074,C0326,P005,3,2024-10-01,1217.4,delivered
O01075,C0136,P004,1,2024-10-20,430.91,delivered
O01076,C0116,P006,2,2024-10-23,85.9,delivered
O01077,C0173,P018,1,2025-02-14,38.55,delivered
O01078,C0219,P014,1,2024-02-09,10.68,delivered
O01079,C0155,P033,3,2024-08-09,130.38,delivered
O01080,C0161,P013,1,2024-05-08,45.68,delivered
O01081,C0233,P036,1,2024-01-10,27.37,delivered
O01082,C0265,P012,2,2024-04-19,389.94,delivered
O01083,C0422,P030,1,2024-11-22,26.23,delivered
O01084,C0315,P028,4,2025-01-07,262.12,delivered
O01085,C0268,P013,1,2024-03-16,45.68,delivered
O01086,C0383,P020,3,2024-07-29,56.58,delivered
O01087,C0426,P005,2,2025-03-09,811.6,delivered
O01088,C0422,P019,2,2024-05-11,74.12,delivered
O01089,C0121,P026,1,2024-03-17,138.02,delivered
O01090,C0126,P020,1,2024-10-13,18.86,cancelled
O01091,C0217,P003,1,2024-05-19,426.93,delivered
O01092,C0133,P018,2,2024-03-31,77.1,delivered
O01093,C0022,P032,2,2024-01-29,56.26,shipped
O01094,C0043,P021,2,2025-03-19,113.24,delivered
O01095,C0490,P027,3,2024-12-09,283.86,delivered
O01096,C0047,P026,4,2025-01-05,552.08,shipped
O01097,C0121,P008,2,2024-09-13,544.1,pending
O01098,C0268,P038,4,2024-09-25,52.04,delivered
O01099,C0453,P006,1,2024-03-03,42.95,shipped
O01100,C0161,P022,3,2025-01-12,411.78,delivered
O01101,C0384,P016,4,2024-04-21,40.24,delivered
O01102,C0090,P014,4,2024-08-13,42.72,delivered
O01103,C0442,P038,1,2024-09-30,13.01,delivered
O01104,C0486,P008,1,2024-08-04,272.05,delivered
O01105,C0127,P018,3,2024-03-15,115.65,delivered
O01106,C0367,P024,3,2024-01-11,341.43,delivered
O01107,C0464,P039,1,2025-01-13,21.0,delivered
O01108,C0482,P004,2,2025-02-07,861.82,delivered
O01109,C0130,P036,1,2024-11-23,27.37,pending
O01110,C0186,P008,1,2024-05-01,272.05,shipped
O01111,C0199,P001,4,2024-07-20,790.32,pending
O01112,C0470,P017,1,2025-02-25,17.78,shipped
O01113,C0153,P014,3,2024-03-23,32.04,pending
O01114,C0324,P021,3,2025-01-27,169.86,delivered
O01115,C0405,P003,1,2024-02-11,426.93,shipped
O01116,C0482,P032,1,2024-07-30,28.13,pending
O01117,C0171,P028,3,2025-02-23,196.59,delivered
O01118,C0083,P017,1,2024-06-29,17.78,delivered
O01119,C0374,P036,2,2024-08-20,54.74,delivered
O01120,C0391,P004,2,2024-04-04,861.82,delivered
O01121,C0406,P009,1,2024-04-12,132.79,delivered
O01122,C0161,P037,1,2024-03-21,32.26,delivered
O01123,C0366,P009,3,2024-12-17,398.37,delivered
O01124,C0481,P021,1,2025-03-23,56.62,delivered
O01125,C0134,P012,2,2025-02-27,389.94,delivered
O01126,C0145,P013,1,2024-07-07,45.68,delivered
O01127,C0449,P025,4,2024-10-19,599.76,delivered
O01128,C0486,P002,4,2024-11-27,1103.6,delivered
O01129,C0118,P006,5,2024-04-11,214.75,delivered
O01130,C0437,P011,1,2024-11-12,462.28,delivered
O01131,C0134,P010,1,2024-07-07,175.18,delivered
O01132,C0291,P008,1,2024-09-26,272.05,delivered
O01133,C0472,P030,3,2024-09-10,78.69,delivered
O01134,C0366,P014,1,2025-03-17,10.68,shipped
O01135,C0137,P019,2,2024-07-14,74.12,delivered
O01136,C0439,P014,2,2025-02-25,21.36,delivered
O01137,C0347,P013,1,2024-07-28,45.68,shipped
O01138,C0015,P019,5,2024-04-30,185.3,delivered
O01139,C0465,P016,1,2024-12-16,10.06,delivered
O01140,C0044,P001,1,2025-03-22,197.58,delivered
O01141,C0355,P026,2,2024-12-31,276.04,delivered
O01142,C0217,P039,1,2024-02-18,21.0,delivered
O01143,C0027,P022,4,2024-08-29,549.04,pending
O01144,C0311,P039,2,2025-02-18,42.0,delivered
O01145,C0130,P033,2,2024-06-03,86.92,cancelled
O01146,C0344,P024,1,2024-10-13,113.81,delivered
O01147,C0092,P017,1,2024-09-09,17.78,pending
O01148,C0450,P030,1,2024-06-11,26.23,delivered
O01149,C0222,P010,1,2024-06-09,175.18,delivered
O01150,C0066,P032,3,2025-03-03,84.39,delivered
O01151,C0185,P028,1,2025-03-24,65.53,delivered
O01152,C0425,P017,1,2024-08-11,17.78,shipped
O01153,C0162,P032,2,2024-03-18,56.26,delivered
O01154,C0473,P029,1,2024-03-17,46.41,delivered
O01155,C0094,P003,1,2024-03-24,426.93,delivered
O01156,C0224,P008,5,2024-09-10,1360.25,delivered
O01157,C0183,P036,1,2024-09-09,27.37,delivered
O01158,C0369,P010,1,2024-02-17,175.18,delivered
O01159,C0146,P012,3,2025-01-18,584.91,delivered
O01160,C0140,P037,3,2024-10-26,96.78,delivered
O01161,C0498,P001,1,2024-10-19,197.58,delivered
O01162,C0472,P005,1,2024-09-12,405.8,delivered
O01163,C0455,P022,1,2024-12-14,137.26,cancelled
O01164,C0063,P026,1,2024-02-24,138.02,shipped
O01165,C0079,P002,1,2025-03-01,275.9,delivered
O01166,C0246,P030,2,2024-05-17,52.46,delivered
O01167,C0003,P022,4,2024-12-01,549.04,delivered
O01168,C0232,P021,4,2025-01-10,226.48,pending
O01169,C0409,P037,1,2025-03-17,32.26,delivered
O01170,C0330,P019,1,2024-01-29,37.06,delivered
O01171,C0281,P039,1,2024-07-23,21.0,delivered
O01172,C0123,P026,1,2025-03-12,138.02,delivered
O01173,C0199,P026,1,2025-01-20,138.02,pending
O01174,C0079,P008,1,2025-02-14,272.05,delivered
O01175,C0413,P020,4,2024-11-04,75.44,delivered
O01176,C0341,P007,3,2024-09-19,1453.14,delivered
O01177,C0229,P025,1,2024-10-15,149.94,delivered
O01178,C0047,P028,3,2024-11-10,196.59,delivered
O01179,C0323,P028,1,2024-09-19,65.53,delivered
O01180,C0238,P015,2,2024-12-31,86.06,delivered
O01181,C0254,P034,2,2024-09-25,79.9,delivered
O01182,C0240,P028,1,2025-02-14,65.53,delivered
O01183,C0077,P009,2,2024-06-02,265.58,shipped
O01184,C0268,P028,1,2024-01-25,65.53,delivered
O01185,C0470,P003,1,2024-09-18,426.93,delivered
O01186,C0049,P030,2,2024-10-18,52.46,shipped
O01187,C0182,P017,2,2025-01-28,35.56,delivered
O01188,C0059,P030,1,2024-04-03,26.23,shipped
O01189,C0024,P006,1,2024-12-26,42.95,delivered
O01190,C0301,P030,2,2024-08-18,52.46,delivered
O01191,C0136,P022,4,2025-03-22,549.04,shipped
O01192,C0109,P012,1,2024-11-05,194.97,delivered
O01193,C0345,P007,1,2024-01-10,484.38,delivered
O01194,C0060,P001,1,2024-09-01,197.58,delivered
O01195,C0208,P039,2,2024-06-04,42.0,delivered
O01196,C0499,P024,2,2024-12-19,227.62,delivered
O01197,C0412,P020,1,2024-03-10,18.86,delivered
O01198,C0058,P002,2,2024-04-06,551.8,shipped
O01199,C0108,P031,2,2024-11-28,90.04,delivered
O01200,C0432,P035,1,2024-06-03,34.4,shipped
O01201,C0076,P031,1,2024-02-29,45.02,delivered
O01202,C0079,P029,4,2024-08-29,185.64,delivered
O01203,C0231,P038,1,2024-05-30,13.01,delivered
O01204,C0427,P026,1,2024-01-05,138.02,delivered
O01205,C0434,P028,5,2025-03-10,327.65,delivered
O01206,C0297,P039,2,2024-05-28,42.0,delivered
O01207,C0205,P032,1,2025-01-06,28.13,delivered
O01208,C0348,P032,1,2024-02-01,28.13,delivered
O01209,C0217,P037,1,2024-02-02,32.26,delivered
O01210,C0332,P027,3,2024-02-29,283.86,delivered
O01211,C0481,P023,1,2024-08-11,141.2,delivered
O01212,C0148,P013,1,2024-08-12,45.68,delivered
O01213,C0113,P038,4,2024-06-22,52.04,pending
O01214,C0437,P030,1,2024-05-30,26.23,delivered
O01215,C0200,P027,3,2024-12-10,283.86,delivered
O01216,C0185,P031,2,2025-03-08,90.04,delivered
O01217,C0107,P019,2,2024-02-14,74.12,delivered
O01218,C0067,P012,1,2024-11-06,194.97,delivered
O01219,C0407,P027,4,2024-09-09,378.48,delivered
O01220,C0108,P036,1,2024-01-10,27.37,delivered
O01221,C0134,P023,2,2024-03-30,282.4,shipped
O01222,C0458,P033,1,2024-02-02,43.46,delivered
O01223,C0059,P015,1,2024-04-24,43.03,delivered
O01224,C0175,P023,2,2025-01-29,282.4,shipped
O01225,C0137,P010,3,2025-03-23,525.54,delivered
O01226,C0343,P007,2,2024-08-12,968.76,shipped
O01227,C0493,P008,5,2025-02-04,1360.25,delivered
O01228,C0401,P007,3,2024-01-22,1453.14,delivered
O01229,C0086,P008,3,2024-07-04,816.15,delivered
O01230,C0150,P029,2,2024-09-12,92.82,delivered
O01231,C0051,P010,2,2024-06-20,350.36,shipped
O01232,C0063,P013,1,2024-07-31,45.68,shipped
O01233,C0004,P016,3,2024-08-30,30.18,delivered
O01234,C0259,P011,1,2024-07-09,462.28,delivered
O01235,C0213,P024,2,2024-05-05,227.62,delivered
O01236,C0386,P034,1,2024-04-26,39.95,delivered
O01237,C0220,P027,4,2024-08-22,378.48,pending
O01238,C0265,P024,4,2024-08-14,455.24,delivered
O01239,C0006,P034,4,2024-02-13,159.8,delivered
O01240,C0206,P011,1,2024-07-20,462.28,shipped
O01241,C0339,P010,4,2024-01-30,700.72,cancelled
O01242,C0366,P034,5,2024-08-02,199.75,delivered
O01243,C0349,P036,3,2025-01-04,82.11,delivered
O01244,C0466,P023,1,2024-05-23,141.2,pending
O01245,C0313,P010,2,2024-08-16,350.36,delivered
O01246,C0455,P035,2,2024-11-12,68.8,delivered
O01247,C0358,P023,3,2025-02-04,423.6,delivered
O01248,C0398,P013,3,2024-02-13,137.04,delivered
O01249,C0172,P025,2,2025-01-13,299.88,shipped
O01250,C0267,P035,1,2024-02-17,34.4,delivered
O01251,C0160,P034,1,2024-11-21,39.95,delivered
O01252,C0015,P035,2,2024-05-03,68.8,shipped
O01253,C0156,P028,5,2024-02-26,327.65,delivered
O01254,C0431,P024,1,2024-09-16,113.81,delivered
O01255,C0025,P008,1,2024-10-20,272.05,delivered
O01256,C0233,P022,5,2025-02-16,686.3,delivered
O01257,C0298,P037,2,2024-11-17,64.52,delivered
O01258,C0433,P039,1,2024-06-02,21.0,delivered
O01259,C0402,P037,2,2024-12-31,64.52,delivered
O01260,C0378,P016,1,2024-09-21,10.06,delivered
O01261,C0422,P024,1,2024-03-16,113.81,delivered
O01262,C0425,P027,1,2024-02-01,94.62,delivered
O01263,C0067,P031,1,2024-02-09,45.02,delivered
O01264,C0270,P026,2,2024-09-22,276.04,shipped
O01265,C0447,P017,2,2024-11-21,35.56,delivered
O01266,C0226,P032,2,2024-08-01,56.26,shipped
O01267,C0074,P033,1,2024-12-30,43.46,delivered
O01268,C0496,P033,3,2024-03-01,130.38,delivered
O01269,C0234,P031,1,2024-03-21,45.02,pending
O01270,C0190,P008,2,2024-07-28,544.1,delivered
O01271,C0190,P037,1,2024-09-24,32.26,delivered
O01272,C0191,P020,5,2024-06-04,94.3,delivered
O01273,C0015,P010,1,2024-10-28,175.18,delivered
O01274,C0480,P020,3,2024-04-20,56.58,delivered
O01275,C0379,P032,1,2024-10-07,28.13,delivered
O01276,C0446,P003,1,2024-10-20,426.93,delivered
O01277,C0232,P022,2,2024-08-31,274.52,shipped
O01278,C0427,P039,1,2024-03-11,21.0,delivered
O01279,C0236,P029,2,2024-03-17,92.82,shipped
O01280,C0167,P006,2,2024-12-06,85.9,delivered
O01281,C0199,P015,4,2024-06-22,172.12,delivered
O01282,C0491,P029,2,2024-11-26,92.82,delivered
O01283,C0085,P002,2,2025-02-11,551.8,shipped
O01284,C0159,P036,2,2024-11-25,54.74,delivered
O01285,C0099,P035,2,2024-01-28,68.8,pending
O01286,C0268,P013,2,2024-09-14,91.36,shipped
O01287,C0062,P035,1,2024-01-10,34.4,delivered
O01288,C0106,P016,3,2025-03-05,30.18,shipped
O01289,C0228,P006,3,2024-11-06,128.85,delivered
O01290,C0302,P003,1,2024-01-12,426.93,delivered
O01291,C0093,P027,1,2024-09-27,94.62,delivered
O01292,C0132,P006,1,2024-02-20,42.95,delivered
O01293,C0147,P010,1,2025-01-28,175.18,delivered
O01294,C0158,P027,2,2024-01-31,189.24,delivered
O01295,C0167,P012,1,2024-01-30,194.97,delivered
O01296,C0051,P021,1,2024-06-14,56.62,delivered
O01297,C0483,P008,1,2024-05-02,272.05,shipped
O01298,C0301,P016,1,2025-01-20,10.06,delivered
O01299,C0487,P008,1,2024-06-11,272.05,delivered
O01300,C0209,P005,1,2024-07-27,405.8,delivered
O01301,C0468,P002,1,2024-10-27,275.9,delivered
O01302,C0127,P036,2,2024-03-05,54.74,delivered
O01303,C0209,P029,1,2024-11-21,46.41,delivered
O01304,C0401,P010,1,2024-03-27,175.18,shipped
O01305,C0276,P028,4,2024-10-11,262.12,delivered
O01306,C0001,P030,4,2024-11-13,104.92,delivered
O01307,C0498,P011,1,2024-09-03,462.28,delivered
O01308,C0129,P025,5,2025-03-07,749.7,delivered
O01309,C0300,P033,1,2024-03-23,43.46,delivered
O01310,C0289,P005,1,2024-07-21,405.8,delivered
O01311,C0426,P009,2,2024-05-23,265.58,shipped
O01312,C0108,P033,4,2024-06-11,173.84,shipped
O01313,C0485,P022,2,2025-01-20,274.52,delivered
O01314,C0140,P016,2,2024-06-13,20.12,delivered
O01315,C0236,P039,1,2024-12-20,21.0,delivered
O01316,C0473,P001,2,2024-01-03,395.16,pending
O01317,C0345,P012,1,2024-12-22,194.97,delivered
O01318,C0391,P026,1,2025-02-07,138.02,shipped
O01319,C0334,P005,1,2025-03-02,405.8,shipped
O01320,C0228,P008,1,2025-02-20,272.05,delivered
O01321,C0308,P023,1,2025-03-05,141.2,shipped
O01322,C0357,P001,1,2024-07-08,197.58,pending
O01323,C0228,P001,1,2024-01-11,197.58,shipped
O01324,C0349,P023,1,2025-02-21,141.2,delivered
O01325,C0156,P015,1,2024-09-09,43.03,pending
O01326,C0019,P018,1,2024-12-26,38.55,delivered
O01327,C0108,P001,1,2025-02-24,197.58,delivered
O01328,C0057,P018,2,2024-09-09,77.1,delivered
O01329,C0100,P037,2,2024-11-04,64.52,delivered
O01330,C0034,P038,1,2024-02-03,13.01,delivered
O01331,C0478,P037,3,2024-09-24,96.78,delivered
O01332,C0141,P013,3,2024-01-12,137.04,cancelled
O01333,C0355,P035,2,2024-12-14,68.8,delivered
O01334,C0233,P001,4,2024-11-24,790.32,delivered
O01335,C0333,P004,3,2024-06-14,1292.73,delivered
O01336,C0209,P018,1,2024-09-22,38.55,delivered
O01337,C0186,P034,2,2025-01-04,79.9,delivered
O01338,C0143,P027,1,2024-06-10,94.62,delivered
O01339,C0100,P022,1,2024-10-19,137.26,shipped
O01340,C0378,P015,5,2024-08-04,215.15,pending
O01341,C0470,P016,1,2024-06-17,10.06,delivered
O01342,C0321,P007,1,2024-08-09,484.38,shipped
O01343,C0304,P022,3,2024-05-06,411.78,delivered
O01344,C0123,P022,3,2025-02-24,411.78,delivered
O01345,C0407,P016,4,2025-02-01,40.24,delivered
O01346,C0225,P007,2,2024-10-23,968.76,delivered
O01347,C0499,P004,4,2024-07-12,1723.64,delivered
O01348,C0435,P005,2,2024-02-01,811.6,pending
O01349,C0227,P004,1,2024-11-16,430.91,delivered
O01350,C0053,P004,2,2024-05-30,861.82,shipped
O01351,C0206,P007,2,2024-07-29,968.76,delivered
O01352,C0307,P001,1,2024-08-25,197.58,shipped
O01353,C0451,P007,1,2024-12-11,484.38,shipped
O01354,C0233,P034,1,2024-04-08,39.95,delivered
O01355,C0007,P039,2,2024-10-30,42.0,shipped
O01356,C0100,P037,1,2024-09-17,32.26,delivered
O01357,C0216,P031,2,2024-08-15,90.04,delivered
O01358,C0071,P003,1,2024-06-08,426.93,delivered
O01359,C0263,P023,1,2024-10-04,141.2,shipped
O01360,C0076,P031,1,2024-06-24,45.02,delivered
O01361,C0497,P001,1,2024-12-02,197.58,delivered
O01362,C0030,P016,1,2025-03-03,10.06,delivered
O01363,C0028,P028,1,2024-04-12,65.53,delivered
O01364,C0104,P005,1,2024-12-07,405.8,delivered
O01365,C0355,P030,2,2024-06-18,52.46,shipped
O01366,C0290,P022,2,2024-08-02,274.52,delivered
O01367,C0054,P030,3,2024-01-22,78.69,delivered
O01368,C0472,P001,2,2024-12-20,395.16,delivered
O01369,C0320,P014,1,2025-01-11,10.68,shipped
O01370,C0418,P022,3,2024-07-11,411.78,delivered
O01371,C0095,P001,1,2024-02-07,197.58,delivered
O01372,C0285,P008,1,2024-08-13,272.05,delivered
O01373,C0300,P024,1,2024-01-16,113.81,delivered
O01374,C0146,P012,1,2024-05-14,194.97,delivered
O01375,C0174,P036,1,2024-04-10,27.37,delivered
O01376,C0432,P017,4,2024-01-11,71.12,shipped
O01377,C0071,P025,2,2024-02-26,299.88,delivered
O01378,C0108,P020,1,2024-07-08,18.86,shipped
O01379,C0339,P011,4,2025-02-13,1849.12,cancelled
O01380,C0452,P028,3,2024-02-03,196.59,delivered
O01381,C0452,P009,2,2024-04-08,265.58,delivered
O01382,C0356,P024,1,2024-08-07,113.81,cancelled
O01383,C0126,P003,2,2024-10-27,853.86,delivered
O01384,C0275,P019,2,2024-06-16,74.12,delivered
O01385,C0323,P018,3,2025-03-11,115.65,delivered
O01386,C0300,P032,1,2024-02-11,28.13,shipped
O01387,C0405,P005,1,2024-07-17,405.8,shipped
O01388,C0331,P033,1,2024-09-22,43.46,delivered
O01389,C0165,P024,1,2024-09-04,113.81,delivered
O01390,C0254,P031,1,2024-07-24,45.02,delivered
O01391,C0405,P038,2,2024-04-16,26.02,delivered
O01392,C0104,P029,3,2024-07-21,139.23,delivered
O01393,C0218,P025,2,2025-03-07,299.88,delivered
O01394,C0282,P006,1,2024-02-13,42.95,delivered
O01395,C0266,P023,1,2024-01-22,141.2,delivered
O01396,C0319,P022,1,2024-08-27,137.26,delivered
O01397,C0189,P032,1,2024-07-14,28.13,delivered
O01398,C0227,P015,1,2024-02-08,43.03,delivered
O01399,C0043,P019,3,2024-09-19,111.18,delivered
O01400,C0041,P018,4,2024-02-20,154.2,delivered
O01401,C0185,P003,1,2024-06-19,426.93,delivered
O01402,C0169,P017,1,2025-02-21,17.78,shipped
O01403,C0433,P018,1,2024-11-05,38.55,cancelled
O01404,C0438,P035,4,2024-01-05,137.6,shipped
O01405,C0145,P023,2,2024-07-25,282.4,pending
O01406,C0421,P038,2,2024-01-07,26.02,delivered
O01407,C0263,P010,3,2024-04-26,525.54,delivered
O01408,C0384,P014,1,2024-09-21,10.68,delivered
O01409,C0283,P030,2,2024-08-24,52.46,delivered
O01410,C0044,P021,3,2024-08-07,169.86,shipped
O01411,C0358,P027,1,2024-08-18,94.62,shipped
O01412,C0016,P024,1,2025-03-23,113.81,delivered
O01413,C0483,P001,1,2024-12-03,197.58,shipped
O01414,C0174,P015,1,2024-12-17,43.03,shipped
O01415,C0391,P035,1,2024-10-27,34.4,delivered
O01416,C0403,P003,4,2024-03-19,1707.72,cancelled
O01417,C0170,P037,2,2024-11-04,64.52,pending
O01418,C0294,P026,5,2024-04-14,690.1,pending
O01419,C0033,P035,1,2024-08-31,34.4,delivered
O01420,C0292,P029,2,2024-06-04,92.82,delivered
O01421,C0054,P036,1,2025-02-27,27.37,delivered
O01422,C0251,P002,1,2024-02-05,275.9,pending
O01423,C0198,P019,1,2024-05-29,37.06,delivered
O01424,C0036,P030,1,2024-09-22,26.23,delivered
O01425,C0168,P027,1,2024-02-26,94.62,delivered
O01426,C0215,P031,2,2024-07-18,90.04,pending
O01427,C0444,P014,1,2024-04-15,10.68,delivered
O01428,C0419,P031,1,2024-10-21,45.02,pending
O01429,C0301,P013,1,2024-12-16,45.68,delivered
O01430,C0104,P001,5,2024-08-16,987.9,delivered
O01431,C0205,P039,3,2024-09-26,63.0,delivered
O01432,C0292,P032,1,2024-10-21,28.13,delivered
O01433,C0047,P019,2,2024-08-21,74.12,delivered
O01434,C0432,P020,1,2025-02-25,18.86,shipped
O01435,C0090,P027,1,2024-11-12,94.62,delivered
O01436,C0235,P025,4,2024-04-03,599.76,delivered
O01437,C0049,P026,2,2024-01-23,276.04,delivered
O01438,C0446,P011,1,2024-11-17,462.28,delivered
O01439,C0342,P005,2,2025-01-04,811.6,pending
O01440,C0466,P032,1,2025-01-25,28.13,delivered
O01441,C0189,P005,2,2024-09-15,811.6,shipped
O01442,C0167,P027,1,2024-05-09,94.62,delivered
O01443,C0023,P030,1,2024-11-23,26.23,delivered
O01444,C0384,P030,1,2025-01-16,26.23,delivered
O01445,C0100,P026,1,2024-05-08,138.02,delivered
O01446,C0470,P009,1,2025-01-18,132.79,delivered
O01447,C0237,P005,1,2024-12-02,405.8,delivered
O01448,C0487,P029,1,2025-02-24,46.41,delivered
O01449,C0083,P011,3,2024-11-06,1386.84,delivered
O01450,C0151,P008,1,2024-07-19,272.05,delivered
O01451,C0344,P001,2,2024-03-19,395.16,delivered
O01452,C0092,P014,2,2024-12-11,21.36,delivered
O01453,C0227,P004,3,2025-02-19,1292.73,delivered
O01454,C0340,P007,1,2024-06-06,484.38,delivered
O01455,C0307,P001,1,2024-07-12,197.58,shipped
O01456,C0476,P016,1,2024-05-02,10.06,delivered
O01457,C0009,P027,1,2024-01-08,94.62,delivered
O01458,C0099,P005,1,2024-02-19,405.8,shipped
O01459,C0426,P011,2,2024-01-23,924.56,delivered
O01460,C0056,P021,1,2024-11-16,56.62,delivered
O01461,C0107,P035,1,2024-08-07,34.4,delivered
O01462,C0110,P007,1,2024-03-29,484.38,delivered
O01463,C0335,P021,1,2024-04-18,56.62,delivered
O01464,C0034,P018,2,2024-07-07,77.1,delivered
O01465,C0454,P014,1,2025-01-27,10.68,delivered
O01466,C0053,P035,2,2025-03-11,68.8,delivered
O01467,C0129,P007,2,2024-11-19,968.76,delivered
O01468,C0348,P009,1,2024-11-21,132.79,shipped
O01469,C0353,P021,5,2024-12-07,283.1,delivered
O01470,C0172,P002,2,2024-10-26,551.8,delivered
O01471,C0262,P015,1,2024-12-26,43.03,cancelled
O01472,C0120,P002,2,2024-03-04,551.8,delivered
O01473,C0378,P028,2,2024-11-13,131.06,delivered
O01474,C0071,P024,1,2024-04-13,113.81,delivered
O01475,C0105,P003,1,2025-01-06,426.93,delivered
O01476,C0485,P029,2,2024-06-17,92.82,delivered
O01477,C0163,P003,1,2024-07-31,426.93,delivered
O01478,C0148,P002,1,2025-01-10,275.9,delivered
O01479,C0125,P014,1,2024-12-06,10.68,cancelled
O01480,C0411,P015,2,2024-07-14,86.06,delivered
O01481,C0094,P029,2,2024-02-03,92.82,shipped
O01482,C0036,P013,1,2024-03-13,45.68,pending
O01483,C0065,P006,1,2024-10-08,42.95,shipped
O01484,C0478,P014,1,2024-02-10,10.68,delivered
O01485,C0240,P020,1,2024-04-11,18.86,delivered
O01486,C0091,P039,1,2024-05-26,21.0,delivered
O01487,C0496,P013,1,2025-02-04,45.68,delivered
O01488,C0487,P024,1,2024-03-26,113.81,delivered
O01489,C0217,P033,2,2024-08-09,86.92,shipped
O01490,C0420,P031,1,2024-07-14,45.02,delivered
O01491,C0043,P020,2,2024-03-19,37.72,delivered
O01492,C0090,P017,1,2024-06-05,17.78,delivered
O01493,C0193,P036,2,2024-02-06,54.74,delivered
O01494,C0367,P031,1,2024-04-07,45.02,delivered
O01495,C0442,P033,2,2024-07-10,86.92,delivered
O01496,C0474,P027,4,2025-01-15,378.48,delivered
O01497,C0251,P020,2,2024-10-28,37.72,delivered
O01498,C0454,P003,5,2024-03-04,2134.65,delivered
O01499,C0290,P011,1,2024-08-11,462.28,pending
O01500,C0395,P023,1,2024-09-07,141.2,delivered
O01501,C0189,P004,2,2024-08-05,861.82,delivered
O01502,C0125,P031,1,2025-02-20,45.02,delivered
O01503,C0362,P002,2,2024-11-26,551.8,delivered
O01504,C0310,P030,4,2024-03-16,104.92,delivered
O01505,C0309,P038,4,2025-03-06,52.04,delivered
O01506,C0060,P006,2,2024-07-15,85.9,delivered
O01507,C0301,P006,1,2024-04-06,42.95,shipped
O01508,C0085,P028,1,2024-06-03,65.53,delivered
O01509,C0273,P025,2,2025-01-10,299.88,delivered
O01510,C0449,P006,1,2024-10-20,42.95,shipped
O01511,C0177,P010,1,2024-04-17,175.18,pending
O01512,C0204,P020,1,2024-03-27,18.86,shipped
O01513,C0001,P007,1,2024-12-22,484.38,delivered
O01514,C0214,P019,2,2024-03-28,74.12,delivered
O01515,C0096,P009,1,2024-04-03,132.79,delivered
O01516,C0057,P029,2,2024-04-18,92.82,delivered
O01517,C0031,P012,3,2024-04-08,584.91,delivered
O01518,C0462,P027,1,2024-11-15,94.62,delivered
O01519,C0326,P011,1,2024-02-13,462.28,delivered
O01520,C0142,P005,1,2024-10-26,405.8,delivered
O01521,C0249,P007,1,2024-05-16,484.38,shipped
O01522,C0004,P038,2,2024-01-22,26.02,delivered
O01523,C0268,P001,1,2024-09-23,197.58,cancelled
O01524,C0390,P018,4,2024-08-30,154.2,shipped
O01525,C0310,P028,1,2024-12-15,65.53,shipped
O01526,C0162,P016,4,2024-12-06,40.24,delivered
O01527,C0313,P004,5,2025-03-23,2154.55,delivered
O01528,C0052,P001,1,2024-12-23,197.58,delivered
O01529,C0428,P009,1,2024-03-03,132.79,shipped
O01530,C0144,P016,1,2024-11-12,10.06,delivered
O01531,C0446,P031,1,2024-12-04,45.02,delivered
O01532,C0327,P021,1,2024-07-03,56.62,shipped
O01533,C0497,P021,2,2024-04-29,113.24,delivered
O01534,C0205,P006,1,2024-08-31,42.95,cancelled
O01535,C0439,P007,2,2024-05-30,968.76,delivered
O01536,C0365,P010,3,2025-03-24,525.54,delivered
O01537,C0439,P033,1,2024-09-11,43.46,shipped
O01538,C0155,P036,5,2024-08-27,136.85,delivered
O01539,C0229,P008,1,2024-10-03,272.05,delivered
O01540,C0109,P011,2,2024-12-03,924.56,delivered
O01541,C0055,P028,5,2024-01-15,327.65,delivered
O01542,C0476,P021,4,2025-01-27,226.48,delivered
O01543,C0369,P017,2,2024-12-09,35.56,delivered
O01544,C0070,P035,2,2024-09-08,68.8,delivered
O01545,C0355,P022,3,2024-10-21,411.78,shipped
O01546,C0308,P005,2,2024-07-12,811.6,pending
O01547,C0381,P025,2,2025-02-05,299.88,delivered
O01548,C0439,P028,3,2024-04-24,196.59,delivered
O01549,C0149,P006,1,2024-06-23,42.95,delivered
O01550,C0480,P013,2,2024-02-29,91.36,delivered
O01551,C0066,P021,4,2024-10-22,226.48,delivered
O01552,C0160,P004,2,2024-04-07,861.82,shipped
O01553,C0217,P021,2,2025-02-12,113.24,delivered
O01554,C0408,P009,1,2024-11-04,132.79,delivered
O01555,C0055,P026,1,2025-03-12,138.02,delivered
O01556,C0075,P019,3,2024-09-12,111.18,delivered
O01557,C0076,P039,1,2025-01-17,21.0,delivered
O01558,C0411,P003,2,2024-06-07,853.86,delivered
O01559,C0353,P008,1,2025-03-10,272.05,delivered
O01560,C0245,P014,1,2024-12-26,10.68,pending
O01561,C0031,P022,1,2025-01-01,137.26,delivered
O01562,C0376,P015,2,2024-01-27,86.06,pending
O01563,C0398,P012,3,2025-01-07,584.91,delivered
O01564,C0418,P011,5,2024-10-07,2311.4,delivered
O01565,C0217,P031,5,2025-01-22,225.1,delivered
O01566,C0037,P034,2,2024-05-24,79.9,delivered
O01567,C0100,P036,1,2024-03-08,27.37,delivered
O01568,C0406,P038,3,2024-01-28,39.03,shipped
O01569,C0364,P020,1,2024-03-24,18.86,delivered
O01570,C0227,P031,1,2024-03-15,45.02,delivered
O01571,C0412,P013,2,2024-01-05,91.36,delivered
O01572,C0439,P037,1,2025-02-06,32.26,cancelled
O01573,C0076,P025,4,2024-08-06,599.76,delivered
O01574,C0087,P004,1,2024-08-30,430.91,delivered
O01575,C0027,P008,5,2024-11-28,1360.25,delivered
O01576,C0223,P010,2,2024-07-25,350.36,delivered
O01577,C0061,P016,1,2024-06-03,10.06,delivered
O01578,C0489,P012,2,2024-07-11,389.94,shipped
O01579,C0408,P006,2,2025-03-18,85.9,shipped
O01580,C0196,P018,2,2024-08-15,77.1,delivered
O01581,C0062,P008,1,2024-09-07,272.05,delivered
O01582,C0466,P033,1,2024-10-27,43.46,delivered
O01583,C0294,P031,1,2025-01-16,45.02,delivered
O01584,C0304,P012,1,2024-11-26,194.97,delivered
O01585,C0153,P037,1,2024-06-15,32.26,delivered
O01586,C0466,P035,1,2025-02-20,34.4,delivered
O01587,C0202,P036,3,2025-02-05,82.11,shipped
O01588,C0251,P005,1,2024-10-26,405.8,delivered
O01589,C0420,P008,2,2024-04-16,544.1,pending
O01590,C0460,P008,1,2024-11-02,272.05,delivered
O01591,C0003,P036,1,2024-06-09,27.37,delivered
O01592,C0066,P037,1,2024-03-23,32.26,delivered
O01593,C0132,P003,1,2024-03-04,426.93,delivered
O01594,C0187,P035,1,2024-12-02,34.4,delivered
O01595,C0154,P003,4,2024-09-22,1707.72,pending
O01596,C0151,P035,1,2024-10-22,34.4,delivered
O01597,C0161,P034,4,2024-06-29,159.8,delivered
O01598,C0262,P014,2,2024-12-05,21.36,shipped
O01599,C0122,P003,1,2024-06-02,426.93,shipped
O01600,C0111,P009,2,2024-04-20,265.58,delivered
O01601,C0143,P009,2,2024-08-04,265.58,delivered
O01602,C0131,P017,1,2024-03-24,17.78,delivered
O01603,C0043,P017,2,2024-12-21,35.56,delivered
O01604,C0105,P005,2,2024-05-17,811.6,cancelled
O01605,C0357,P013,2,2024-10-15,91.36,delivered
O01606,C0421,P033,2,2024-08-02,86.92,shipped
O01607,C0162,P028,1,2024-11-05,65.53,delivered
O01608,C0139,P008,1,2024-12-16,272.05,delivered
O01609,C0034,P022,2,2024-07-04,274.52,pending
O01610,C0399,P018,1,2025-02-12,38.55,delivered
O01611,C0006,P007,1,2024-04-23,484.38,delivered
O01612,C0054,P008,1,2025-01-07,272.05,shipped
O01613,C0302,P032,1,2024-06-27,28.13,delivered
O01614,C0444,P019,2,2024-11-07,74.12,delivered
O01615,C0025,P011,1,2025-01-19,462.28,delivered
O01616,C0177,P035,2,2025-03-11,68.8,delivered
O01617,C0304,P009,1,2024-12-17,132.79,delivered
O01618,C0080,P009,1,2024-10-17,132.79,delivered
O01619,C0028,P024,2,2024-05-07,227.62,delivered
O01620,C0215,P030,1,2024-06-30,26.23,shipped
O01621,C0258,P019,1,2024-08-07,37.06,delivered
O01622,C0368,P015,1,2025-03-15,43.03,delivered
O01623,C0157,P027,2,2025-03-08,189.24,delivered
O01624,C0041,P005,2,2024-02-17,811.6,delivered
O01625,C0030,P006,2,2024-10-10,85.9,pending
O01626,C0414,P001,4,2024-08-05,790.32,delivered
O01627,C0478,P009,1,2024-09-20,132.79,delivered
O01628,C0347,P035,2,2024-07-26,68.8,delivered
O01629,C0098,P001,2,2024-12-25,395.16,delivered
O01630,C0177,P016,5,2024-12-04,50.3,pending
O01631,C0422,P034,2,2024-01-22,79.9,delivered
O01632,C0494,P011,2,2025-01-26,924.56,delivered
O01633,C0116,P012,1,2025-03-05,194.97,delivered
O01634,C0181,P004,1,2024-07-13,430.91,delivered
O01635,C0497,P008,1,2024-12-13,272.05,delivered
O01636,C0277,P008,1,2024-09-04,272.05,delivered
O01637,C0110,P001,2,2024-10-18,395.16,delivered
O01638,C0473,P020,4,2024-11-25,75.44,delivered
O01639,C0458,P003,4,2024-11-12,1707.72,shipped
O01640,C0030,P023,1,2024-08-23,141.2,delivered
O01641,C0182,P007,1,2025-01-04,484.38,delivered
O01642,C0182,P001,1,2024-09-08,197.58,delivered
O01643,C0271,P033,3,2024-07-29,130.38,delivered
O01644,C0250,P001,1,2024-12-02,197.58,delivered
O01645,C0241,P026,1,2024-07-05,138.02,delivered
O01646,C0094,P035,3,2024-02-25,103.2,cancelled
O01647,C0337,P029,1,2024-06-30,46.41,delivered
O01648,C0003,P023,3,2024-12-29,423.6,delivered
O01649,C0098,P019,1,2024-07-21,37.06,delivered
O01650,C0170,P003,1,2024-04-11,426.93,pending
O01651,C0492,P018,1,2024-09-07,38.55,delivered
O01652,C0410,P009,1,2025-01-26,132.79,shipped
O01653,C0205,P033,2,2025-01-14,86.92,shipped
O01654,C0200,P009,1,2024-02-25,132.79,shipped
O01655,C0065,P010,1,2024-01-07,175.18,shipped
O01656,C0122,P004,2,2024-06-24,861.82,delivered
O01657,C0306,P001,1,2024-05-28,197.58,delivered
O01658,C0043,P028,1,2024-03-19,65.53,delivered
O01659,C0096,P016,1,2024-02-28,10.06,shipped
O01660,C0359,P016,2,2024-08-07,20.12,delivered
O01661,C0362,P007,2,2024-09-14,968.76,delivered
O01662,C0097,P038,2,2024-03-17,26.02,delivered
O01663,C0068,P026,1,2024-04-08,138.02,pending
O01664,C0219,P002,2,2024-02-16,551.8,shipped
O01665,C0195,P027,1,2024-12-24,94.62,delivered
O01666,C0119,P015,1,2024-09-02,43.03,delivered
O01667,C0219,P004,1,2024-05-17,430.91,delivered
O01668,C0483,P023,2,2024-05-06,282.4,delivered
O01669,C0025,P012,1,2024-01-27,194.97,delivered
O01670,C0165,P014,1,2024-05-23,10.68,pending
O01671,C0052,P028,1,2024-09-08,65.53,delivered
O01672,C0156,P008,1,2024-01-07,272.05,delivered
O01673,C0395,P009,1,2025-01-14,132.79,shipped
O01674,C0381,P038,1,2024-07-09,13.01,delivered
O01675,C0142,P014,2,2024-02-14,21.36,shipped
O01676,C0067,P039,1,2024-10-27,21.0,pending
O01677,C0453,P013,1,2024-08-16,45.68,pending
O01678,C0039,P035,2,2024-06-03,68.8,delivered
O01679,C0390,P013,1,2024-03-19,45.68,delivered
O01680,C0099,P027,2,2024-05-09,189.24,shipped
O01681,C0389,P036,5,2024-07-06,136.85,delivered
O01682,C0368,P008,4,2024-02-04,1088.2,delivered
O01683,C0269,P033,2,2024-03-26,86.92,delivered
O01684,C0357,P009,1,2024-10-16,132.79,delivered
O01685,C0498,P013,2,2024-07-22,91.36,delivered
O01686,C0273,P033,5,2024-03-25,217.3,delivered
O01687,C0261,P025,2,2024-07-18,299.88,delivered
O01688,C0140,P014,1,2024-03-22,10.68,delivered
O01689,C0304,P001,3,2025-02-08,592.74,delivered
O01690,C0258,P034,1,2025-03-12,39.95,delivered
O01691,C0363,P018,2,2024-03-28,77.1,delivered
O01692,C0274,P016,1,2024-11-23,10.06,delivered
O01693,C0453,P018,4,2024-05-18,154.2,shipped
O01694,C0027,P016,5,2024-04-17,50.3,delivered
O01695,C0001,P023,2,2024-07-07,282.4,delivered
O01696,C0485,P036,1,2024-03-09,27.37,delivered
O01697,C0314,P019,1,2024-01-30,37.06,delivered
O01698,C0006,P023,1,2024-05-23,141.2,delivered
O01699,C0498,P002,1,2025-03-20,275.9,shipped
O01700,C0400,P038,1,2025-01-16,13.01,delivered
O01701,C0485,P017,3,2024-11-20,53.34,delivered
O01702,C0106,P029,1,2024-05-17,46.41,delivered
O01703,C0323,P026,1,2024-04-28,138.02,delivered
O01704,C0223,P024,1,2024-09-02,113.81,delivered
O01705,C0093,P030,1,2025-03-17,26.23,delivered
O01706,C0292,P032,4,2024-04-02,112.52,delivered
O01707,C0011,P020,1,2024-03-31,18.86,shipped
O01708,C0352,P039,1,2024-03-14,21.0,delivered
O01709,C0126,P030,4,2024-07-25,104.92,delivered
O01710,C0270,P009,2,2025-02-17,265.58,delivered
O01711,C0052,P025,1,2024-02-26,149.94,shipped
O01712,C0391,P003,1,2025-01-29,426.93,delivered
O01713,C0074,P039,1,2024-01-05,21.0,pending
O01714,C0055,P035,2,2024-06-22,68.8,shipped
O01715,C0044,P013,1,2025-01-23,45.68,delivered
O01716,C0228,P011,1,2024-09-02,462.28,delivered
O01717,C0029,P035,2,2024-11-17,68.8,delivered
O01718,C0011,P003,1,2024-05-31,426.93,delivered
O01719,C0454,P027,1,2024-04-24,94.62,delivered
O01720,C0219,P025,1,2024-12-01,149.94,delivered
O01721,C0472,P025,2,2025-01-01,299.88,shipped
O01722,C0058,P032,1,2024-02-26,28.13,delivered
O01723,C0490,P019,1,2024-11-11,37.06,delivered
O01724,C0185,P006,3,2024-11-05,128.85,delivered
O01725,C0220,P034,1,2024-04-02,39.95,delivered
O01726,C0077,P020,2,2024-05-26,37.72,delivered
O01727,C0054,P018,4,2024-12-04,154.2,delivered
O01728,C0136,P005,2,2025-03-17,811.6,pending
O01729,C0077,P010,1,2024-07-18,175.18,delivered
O01730,C0408,P031,3,2024-02-27,135.06,delivered
O01731,C0492,P018,1,2024-06-14,38.55,cancelled
O01732,C0094,P025,1,2024-09-10,149.94,delivered
O01733,C0356,P027,2,2024-11-21,189.24,delivered
O01734,C0411,P016,1,2024-10-08,10.06,delivered
O01735,C0274,P032,1,2025-02-24,28.13,delivered
O01736,C0043,P038,2,2024-09-26,26.02,delivered
O01737,C0356,P015,2,2024-04-30,86.06,delivered
O01738,C0105,P002,1,2024-08-30,275.9,pending
O01739,C0472,P008,1,2024-06-27,272.05,delivered
O01740,C0435,P009,1,2024-03-14,132.79,shipped
O01741,C0283,P027,1,2025-02-27,94.62,delivered
O01742,C0383,P009,1,2024-12-22,132.79,delivered
O01743,C0194,P002,2,2024-08-05,551.8,delivered
O01744,C0360,P007,2,2024-02-07,968.76,delivered
O01745,C0305,P011,1,2024-07-06,462.28,delivered
O01746,C0126,P005,1,2025-03-01,405.8,shipped
O01747,C0077,P012,1,2024-03-12,194.97,delivered
O01748,C0358,P020,1,2025-01-04,18.86,delivered
O01749,C0401,P001,1,2024-03-20,197.58,delivered
O01750,C0329,P003,2,2024-03-29,853.86,delivered
O01751,C0006,P026,3,2024-12-14,414.06,pending
O01752,C0233,P036,2,2024-05-12,54.74,pending
O01753,C0257,P020,2,2024-08-04,37.72,pending
O01754,C0140,P006,1,2024-03-05,42.95,delivered
O01755,C0206,P004,1,2024-04-04,430.91,shipped
O01756,C0500,P036,2,2024-02-09,54.74,shipped
O01757,C0240,P031,1,2024-11-24,45.02,delivered
O01758,C0195,P011,1,2024-07-09,462.28,delivered
O01759,C0100,P018,1,2024-02-09,38.55,delivered
O01760,C0399,P022,1,2024-05-24,137.26,delivered
O01761,C0055,P005,1,2024-01-06,405.8,shipped
O01762,C0159,P013,2,2024-11-22,91.36,pending
O01763,C0124,P018,1,2024-10-18,38.55,delivered
O01764,C0289,P031,1,2024-06-10,45.02,delivered
O01765,C0159,P001,5,2025-01-19,987.9,delivered
O01766,C0204,P033,1,2025-01-19,43.46,delivered
O01767,C0183,P009,2,2024-02-19,265.58,delivered
O01768,C0460,P033,1,2025-02-17,43.46,shipped
O01769,C0013,P038,2,2024-09-01,26.02,delivered
O01770,C0437,P003,1,2024-03-18,426.93,delivered
O01771,C0041,P006,4,2024-04-28,171.8,shipped
O01772,C0414,P010,2,2024-03-23,350.36,cancelled
O01773,C0257,P034,5,2024-11-07,199.75,delivered
O01774,C0477,P022,1,2024-03-08,137.26,delivered
O01775,C0185,P028,1,2024-12-30,65.53,shipped
O01776,C0199,P016,1,2024-11-08,10.06,delivered
O01777,C0491,P010,2,2024-09-11,350.36,delivered
O01778,C0008,P010,2,2024-06-07,350.36,delivered
O01779,C0497,P006,1,2024-08-20,42.95,delivered
O01780,C0479,P019,1,2024-05-23,37.06,delivered
O01781,C0181,P006,1,2024-12-29,42.95,shipped
O01782,C0133,P031,5,2025-01-25,225.1,shipped
O01783,C0333,P009,4,2024-10-18,531.16,delivered
O01784,C0187,P019,1,2025-03-14,37.06,delivered
O01785,C0349,P009,1,2024-09-19,132.79,shipped
O01786,C0488,P021,1,2024-12-15,56.62,delivered
O01787,C0231,P017,3,2024-12-15,53.34,delivered
O01788,C0330,P004,2,2024-05-05,861.82,delivered
O01789,C0288,P001,1,2024-02-23,197.58,delivered
O01790,C0082,P037,1,2024-02-07,32.26,delivered
O01791,C0448,P030,2,2024-06-27,52.46,delivered
O01792,C0329,P035,4,2024-08-26,137.6,delivered
O01793,C0093,P007,4,2024-07-22,1937.52,shipped
O01794,C0103,P026,1,2024-06-11,138.02,delivered
O01795,C0310,P032,1,2025-01-14,28.13,delivered
O01796,C0143,P030,1,2024-03-20,26.23,pending
O01797,C0075,P014,1,2024-01-17,10.68,cancelled
O01798,C0397,P025,1,2025-02-17,149.94,delivered
O01799,C0221,P031,1,2024-04-18,45.02,shipped
O01800,C0488,P028,1,2024-11-21,65.53,delivered
O01801,C0073,P005,1,2024-02-11,405.8,delivered
O01802,C0365,P029,3,2024-09-25,139.23,delivered
O01803,C0458,P017,1,2024-01-28,17.78,delivered
O01804,C0462,P028,1,2025-01-20,65.53,delivered
O01805,C0102,P023,4,2024-09-03,564.8,delivered
O01806,C0353,P011,4,2024-08-11,1849.12,delivered
O01807,C0355,P037,1,2024-01-06,32.26,delivered
O01808,C0458,P039,1,2025-01-05,21.0,delivered
O01809,C0316,P010,1,2025-02-25,175.18,pending
O01810,C0381,P021,1,2024-08-22,56.62,pending
O01811,C0256,P021,1,2024-12-11,56.62,delivered
O01812,C0267,P001,5,2025-03-02,987.9,shipped
O01813,C0325,P029,2,2024-10-23,92.82,delivered
O01814,C0112,P013,1,2024-10-06,45.68,shipped
O01815,C0308,P025,1,2024-04-17,149.94,pending
O01816,C0498,P037,4,2024-07-08,129.04,shipped
O01817,C0009,P020,3,2024-09-14,56.58,shipped
O01818,C0064,P032,2,2024-08-21,56.26,delivered
O01819,C0181,P023,3,2024-08-06,423.6,delivered
O01820,C0392,P022,1,2024-03-31,137.26,delivered
O01821,C0192,P012,2,2024-03-24,389.94,delivered
O01822,C0196,P019,3,2024-12-18,111.18,delivered
O01823,C0325,P019,2,2025-03-14,74.12,delivered
O01824,C0045,P007,1,2024-01-09,484.38,delivered
O01825,C0211,P007,1,2025-01-19,484.38,delivered
O01826,C0279,P007,2,2024-09-14,968.76,delivered
O01827,C0017,P019,3,2024-04-18,111.18,delivered
O01828,C0233,P036,1,2024-04-10,27.37,shipped
O01829,C0487,P008,1,2025-02-10,272.05,pending
O01830,C0212,P026,1,2024-07-10,138.02,shipped
O01831,C0260,P019,1,2024-12-03,37.06,delivered
O01832,C0430,P027,2,2024-01-03,189.24,pending
O01833,C0213,P003,1,2024-03-19,426.93,shipped
O01834,C0431,P034,3,2024-11-03,119.85,delivered
O01835,C0088,P037,5,2024-05-03,161.3,delivered
O01836,C0201,P013,2,2024-07-20,91.36,shipped
O01837,C0411,P037,1,2024-11-21,32.26,delivered
O01838,C0373,P012,1,2024-06-11,194.97,delivered
O01839,C0224,P015,1,2025-02-14,43.03,delivered
O01840,C0061,P037,2,2025-03-07,64.52,shipped
O01841,C0470,P017,3,2024-03-22,53.34,pending
O01842,C0105,P006,1,2024-08-11,42.95,delivered
O01843,C0395,P038,1,2024-11-12,13.01,delivered
O01844,C0472,P006,2,2024-01-13,85.9,delivered
O01845,C0067,P030,2,2025-02-02,52.46,delivered
O01846,C0123,P015,1,2024-10-01,43.03,shipped
O01847,C0372,P025,2,2024-12-03,299.88,delivered
O01848,C0043,P010,2,2024-11-22,350.36,cancelled
O01849,C0444,P007,1,2024-11-01,484.38,delivered
O01850,C0073,P019,1,2024-04-02,37.06,delivered
O01851,C0254,P024,4,2024-04-16,455.24,delivered
O01852,C0252,P002,1,2024-09-06,275.9,pending
O01853,C0040,P014,2,2024-07-11,21.36,shipped
O01854,C0325,P029,3,2024-04-02,139.23,delivered
O01855,C0463,P012,2,2024-11-19,389.94,delivered
O01856,C0017,P008,5,2024-06-26,1360.25,delivered
O01857,C0315,P039,1,2024-03-22,21.0,delivered
O01858,C0131,P008,1,2024-01-16,272.05,delivered
O01859,C0266,P033,2,2024-04-20,86.92,shipped
O01860,C0059,P014,1,2024-03-11,10.68,delivered
O01861,C0373,P009,1,2024-09-03,132.79,delivered
O01862,C0048,P023,2,2024-11-29,282.4,delivered
O01863,C0382,P032,1,2024-07-23,28.13,pending
O01864,C0129,P012,1,2025-03-09,194.97,shipped
O01865,C0144,P026,1,2025-02-10,138.02,shipped
O01866,C0160,P011,2,2025-01-04,924.56,delivered
O01867,C0453,P029,1,2025-01-17,46.41,delivered
O01868,C0164,P007,2,2024-08-07,968.76,delivered
O01869,C0181,P024,3,2025-02-23,341.43,delivered
O01870,C0086,P003,4,2024-05-09,1707.72,delivered
O01871,C0151,P039,3,2024-11-26,63.0,pending
O01872,C0272,P023,1,2024-02-28,141.2,delivered
O01873,C0166,P028,2,2024-07-02,131.06,delivered
O01874,C0111,P024,1,2025-02-03,113.81,delivered
O01875,C0005,P021,2,2025-01-02,113.24,delivered
O01876,C0239,P037,2,2024-04-29,64.52,delivered
O01877,C0198,P019,2,2024-09-26,74.12,delivered
O01878,C0288,P018,2,2025-02-17,77.1,shipped
O01879,C0039,P037,3,2024-08-03,96.78,delivered
O01880,C0223,P021,3,2024-04-11,169.86,delivered
O01881,C0411,P032,1,2024-05-20,28.13,delivered
O01882,C0064,P029,1,2024-06-16,46.41,delivered
O01883,C0122,P037,1,2024-01-10,32.26,delivered
O01884,C0439,P037,5,2024-08-24,161.3,delivered
O01885,C0431,P026,1,2024-09-30,138.02,pending
O01886,C0021,P022,2,2024-02-05,274.52,delivered
O01887,C0425,P027,2,2024-05-20,189.24,delivered
O01888,C0178,P026,1,2025-01-31,138.02,delivered
O01889,C0314,P004,1,2024-12-22,430.91,cancelled
O01890,C0253,P008,3,2024-11-12,816.15,delivered
O01891,C0115,P004,3,2024-03-12,1292.73,delivered
O01892,C0166,P028,1,2024-02-15,65.53,delivered
O01893,C0462,P024,3,2024-10-02,341.43,cancelled
O01894,C0479,P004,1,2025-02-05,430.91,delivered
O01895,C0025,P020,1,2024-06-17,18.86,delivered
O01896,C0406,P025,1,2024-03-28,149.94,pending
O01897,C0299,P030,1,2024-06-12,26.23,shipped
O01898,C0386,P038,3,2024-07-30,39.03,delivered
O01899,C0343,P008,1,2024-05-03,272.05,delivered
O01900,C0339,P032,5,2024-06-13,140.65,shipped
O01901,C0248,P015,1,2025-01-27,43.03,delivered
O01902,C0043,P023,2,2025-03-22,282.4,delivered
O01903,C0332,P014,2,2024-02-08,21.36,cancelled
O01904,C0031,P014,1,2024-04-20,10.68,delivered
O01905,C0198,P013,1,2024-06-23,45.68,delivered
O01906,C0303,P034,1,2024-06-09,39.95,shipped
O01907,C0160,P030,2,2025-03-10,52.46,delivered
O01908,C0469,P009,1,2024-07-05,132.79,delivered
O01909,C0232,P033,1,2024-07-23,43.46,delivered
O01910,C0143,P028,1,2024-06-06,65.53,pending
O01911,C0296,P007,1,2025-03-24,484.38,delivered
O01912,C0057,P016,1,2024-08-23,10.06,delivered
O01913,C0015,P031,2,2024-08-19,90.04,delivered
O01914,C0061,P036,1,2024-08-08,27.37,delivered
O01915,C0204,P033,1,2024-06-19,43.46,delivered
O01916,C0140,P024,1,2024-11-28,113.81,delivered
O01917,C0476,P028,1,2024-04-06,65.53,delivered
O01918,C0305,P018,1,2024-09-09,38.55,delivered
O01919,C0056,P004,2,2024-02-26,861.82,delivered
O01920,C0028,P003,2,2024-05-02,853.86,delivered
O01921,C0052,P018,1,2024-11-13,38.55,delivered
O01922,C0208,P026,1,2024-04-22,138.02,delivered
O01923,C0451,P018,1,2024-03-28,38.55,shipped
O01924,C0178,P019,2,2024-05-27,74.12,delivered
O01925,C0049,P012,1,2024-12-24,194.97,delivered
O01926,C0379,P020,3,2024-12-18,56.58,delivered
O01927,C0162,P005,1,2024-06-19,405.8,shipped
O01928,C0073,P001,2,2024-08-07,395.16,delivered
O01929,C0091,P017,3,2024-03-28,53.34,delivered
O01930,C0437,P001,2,2024-08-30,395.16,delivered
O01931,C0251,P016,1,2024-01-24,10.06,shipped
O01932,C0291,P019,3,2024-09-25,111.18,delivered
O01933,C0387,P010,2,2024-02-21,350.36,delivered
O01934,C0377,P022,1,2025-01-11,137.26,delivered
O01935,C0280,P017,2,2024-05-09,35.56,delivered
O01936,C0007,P023,1,2024-06-19,141.2,shipped
O01937,C0397,P039,1,2024-05-18,21.0,delivered
O01938,C0373,P002,1,2024-07-29,275.9,shipped
O01939,C0338,P010,1,2024-01-16,175.18,delivered
O01940,C0380,P028,1,2025-01-16,65.53,delivered
O01941,C0472,P025,2,2024-05-20,299.88,shipped
O01942,C0348,P035,3,2024-08-18,103.2,cancelled
O01943,C0449,P034,1,2024-12-13,39.95,delivered
O01944,C0170,P026,2,2024-05-21,276.04,delivered
O01945,C0022,P038,1,2024-06-24,13.01,shipped
O01946,C0063,P028,2,2024-10-17,131.06,pending
O01947,C0406,P023,1,2024-01-05,141.2,delivered
O01948,C0351,P010,1,2024-03-17,175.18,delivered
O01949,C0149,P036,2,2024-06-04,54.74,delivered
O01950,C0034,P019,1,2024-01-21,37.06,delivered
O01951,C0423,P038,1,2024-09-07,13.01,delivered
O01952,C0221,P023,2,2024-01-01,282.4,delivered
O01953,C0071,P023,3,2025-02-06,423.6,shipped
O01954,C0341,P036,1,2024-02-14,27.37,delivered
O01955,C0074,P013,1,2024-02-11,45.68,delivered
O01956,C0017,P031,4,2024-05-07,180.08,shipped
O01957,C0327,P025,1,2024-02-20,149.94,shipped
O01958,C0472,P020,2,2024-03-29,37.72,delivered
O01959,C0348,P021,3,2024-03-12,169.86,delivered
O01960,C0103,P017,1,2024-10-10,17.78,delivered
O01961,C0157,P006,1,2024-11-17,42.95,delivered
O01962,C0094,P025,2,2025-03-02,299.88,delivered
O01963,C0071,P034,1,2024-06-09,39.95,delivered
O01964,C0351,P023,1,2024-08-06,141.2,delivered
O01965,C0493,P027,1,2024-10-13,94.62,delivered
O01966,C0393,P027,1,2024-03-12,94.62,delivered
O01967,C0155,P016,2,2024-07-10,20.12,delivered
O01968,C0279,P037,3,2024-01-28,96.78,shipped
O01969,C0202,P009,1,2024-01-04,132.79,delivered
O01970,C0391,P034,1,2024-01-28,39.95,delivered
O01971,C0139,P007,1,2024-02-19,484.38,shipped
O01972,C0290,P031,2,2025-03-18,90.04,delivered
O01973,C0380,P038,2,2025-01-13,26.02,delivered
O01974,C0360,P014,1,2024-10-14,10.68,delivered
O01975,C0254,P009,1,2024-12-11,132.79,delivered
O01976,C0080,P020,2,2025-01-03,37.72,cancelled
O01977,C0004,P032,2,2024-04-12,56.26,delivered
O01978,C0001,P010,2,2024-03-02,350.36,delivered
O01979,C0127,P014,1,2024-01-13,10.68,shipped
O01980,C0228,P026,1,2024-03-03,138.02,delivered
O01981,C0248,P012,3,2025-03-06,584.91,shipped
O01982,C0134,P029,3,2024-11-11,139.23,delivered
O01983,C0075,P002,1,2025-02-23,275.9,delivered
O01984,C0124,P011,1,2024-12-24,462.28,delivered
O01985,C0244,P031,1,2024-12-07,45.02,delivered
O01986,C0302,P032,1,2024-05-20,28.13,delivered
O01987,C0358,P007,1,2025-02-20,484.38,delivered
O01988,C0015,P019,1,2024-10-15,37.06,delivered
O01989,C0298,P020,1,2024-11-29,18.86,shipped
O01990,C0318,P029,1,2024-06-30,46.41,pending
O01991,C0240,P030,1,2024-03-22,26.23,delivered
O01992,C0439,P033,1,2024-12-27,43.46,delivered
O01993,C0263,P005,1,2024-03-18,405.8,delivered
O01994,C0369,P037,1,2025-01-01,32.26,shipped
O01995,C0072,P018,2,2024-12-03,77.1,delivered
O01996,C0202,P005,4,2024-11-26,1623.2,delivered
O01997,C0493,P031,2,2024-04-02,90.04,delivered
O01998,C0475,P033,2,2024-09-26,86.92,delivered
O01999,C0358,P021,2,2024-10-24,113.24,delivered
O02000,C0317,P026,1,2024-01-16,138.02,shipped
